ts,humidity1,humidity2,humidity3,humidity4,humidity5,humidity6,humidity7,humidity8,temperature1,temperature2,temperature3,temperature4,temperature5,temperature6,temperature7,temperature8
2024-02-08 00:02:02,51.51,51.52,50.03,51.64,47.24,48.24,41.33,46.75,15.86,15.86,16.37,15.80,16.70,16.67,18.80,18.79
2024-02-08 00:04:07,49.49,49.36,49.45,50.85,46.76,46.79,40.82,46.18,16.52,16.56,16.52,15.93,16.85,17.15,19.00,19.03
2024-02-08 00:06:12,47.78,47.57,49.32,51.43,45.80,45.32,40.06,45.51,16.85,16.88,16.43,15.57,17.04,17.47,19.18,19.18
2024-02-08 00:08:17,47.74,47.73,49.35,51.81,45.22,45.01,39.95,45.08,16.66,16.62,16.32,15.34,17.11,17.40,19.06,19.22
2024-02-08 00:10:22,48.11,48.03,49.69,52.52,44.90,45.13,40.10,45.12,16.40,16.37,16.08,14.99,17.15,17.22,18.89,19.09
2024-02-08 00:12:27,48.75,48.58,50.49,53.62,44.83,45.49,40.58,45.40,16.07,16.07,15.82,14.71,17.10,16.98,18.63,18.93
2024-02-08 00:14:32,50.31,50.04,52.11,55.22,45.52,46.68,41.95,46.68,15.85,15.80,15.88,14.95,17.01,16.77,18.58,18.84
2024-02-08 00:16:37,50.84,50.76,50.67,52.58,45.90,47.13,41.07,46.32,15.69,15.64,16.23,15.62,16.93,16.67,18.88,18.96
2024-02-08 00:18:42,50.99,51.05,49.78,50.95,45.91,47.36,40.73,46.03,15.57,15.45,16.46,16.05,16.88,16.53,18.90,18.99
2024-02-08 00:20:47,50.93,51.13,49.09,49.76,46.07,47.57,40.54,45.92,15.63,15.52,16.68,16.42,16.80,16.47,18.97,18.97
2024-02-08 00:22:52,49.43,49.58,48.48,48.84,46.00,46.75,40.15,45.61,16.14,16.05,16.88,16.72,16.81,16.81,19.14,19.12
2024-02-08 00:24:57,48.98,49.21,47.66,48.04,45.65,46.05,39.70,44.98,16.20,16.02,17.08,16.89,16.88,16.90,19.26,19.32
2024-02-08 00:27:02,49.18,49.42,47.82,48.92,45.53,46.06,39.63,44.69,16.06,15.92,16.92,16.37,16.90,16.90,19.20,19.40
2024-02-08 00:29:07,49.62,49.79,48.27,50.07,45.43,46.23,39.82,44.64,15.85,15.73,16.69,15.90,16.90,16.77,19.04,19.34
2024-02-08 00:31:12,50.17,50.28,48.89,51.23,45.51,46.58,40.29,44.87,15.62,15.54,16.39,15.42,16.83,16.62,18.78,19.19
2024-02-08 00:33:17,50.64,50.70,49.57,52.18,45.66,46.95,40.61,45.29,15.45,15.36,16.10,15.06,16.76,16.47,18.62,18.97
2024-02-08 00:35:22,51.03,50.96,49.99,53.03,45.77,47.09,40.70,45.55,15.31,15.28,15.97,14.82,16.70,16.40,18.62,18.90
2024-02-08 00:37:27,52.02,51.94,50.68,53.70,46.32,47.88,40.99,45.94,15.23,15.20,15.85,14.82,16.64,16.33,18.60,18.82
2024-02-08 00:39:32,51.58,51.52,50.32,52.15,47.02,48.11,41.22,46.26,15.70,15.71,16.17,15.52,16.66,16.57,18.73,18.88
2024-02-08 00:41:37,49.39,49.25,49.82,51.41,46.52,46.65,40.68,45.68,16.36,16.40,16.23,15.62,16.77,17.01,18.89,19.09
2024-02-08 00:43:42,47.80,47.58,49.87,52.03,45.77,45.34,40.32,45.24,16.77,16.78,16.20,15.35,16.97,17.38,19.00,19.20
2024-02-08 00:45:47,47.73,47.67,49.86,52.40,45.26,45.02,40.17,45.02,16.62,16.58,16.16,15.14,17.08,17.37,18.94,19.20
2024-02-08 00:47:52,48.18,48.10,50.18,53.06,45.01,45.14,40.35,45.05,16.36,16.32,15.95,14.88,17.10,17.21,18.79,19.13
2024-02-08 00:49:57,48.87,48.72,51.25,54.63,44.92,45.57,40.79,45.62,16.06,16.04,15.74,14.64,17.07,16.97,18.64,18.92
2024-02-08 00:52:02,50.43,50.09,52.27,55.32,45.60,46.76,41.88,46.72,15.80,15.79,15.85,14.99,16.98,16.75,18.66,18.84
2024-02-08 00:54:07,50.93,50.73,50.85,52.67,45.88,47.16,41.07,46.20,15.63,15.61,16.16,15.58,16.90,16.65,18.85,18.98
2024-02-08 00:56:12,51.12,51.07,49.81,50.88,45.88,47.37,40.55,45.81,15.49,15.43,16.42,16.02,16.83,16.47,18.95,19.00
2024-02-08 00:58:17,50.33,50.34,49.12,49.71,45.99,47.21,40.36,45.73,15.85,15.80,16.62,16.39,16.80,16.62,19.02,19.01
2024-02-08 01:00:22,49.08,49.05,48.44,48.82,45.72,46.24,40.01,45.32,16.17,16.08,16.83,16.68,16.81,16.89,19.10,19.16
2024-02-08 01:02:27,48.91,49.11,47.70,47.93,45.41,46.02,39.62,44.71,16.10,15.98,17.11,16.96,16.87,16.89,19.23,19.37
2024-02-08 01:04:32,49.04,49.35,47.00,47.41,45.26,45.94,39.09,44.32,16.00,15.83,17.20,16.95,16.90,16.81,19.38,19.43
2024-02-08 01:06:37,49.26,49.54,47.43,48.62,45.05,45.93,39.03,44.20,15.83,15.67,16.94,16.33,16.90,16.77,19.33,19.38
2024-02-08 01:08:42,49.89,50.08,47.98,49.88,45.18,46.32,39.43,44.56,15.60,15.46,16.68,15.84,16.82,16.58,19.05,19.20
2024-02-08 01:10:47,50.55,50.73,48.63,51.09,45.35,46.76,39.99,45.03,15.38,15.25,16.37,15.36,16.75,16.43,18.77,18.96
2024-02-08 01:12:52,51.27,51.33,49.40,52.21,46.33,47.60,40.57,45.69,15.63,15.59,16.20,15.07,16.73,16.57,18.75,18.93
2024-02-08 01:14:57,49.24,49.00,49.73,52.93,45.78,46.22,40.46,45.37,16.19,16.28,16.03,14.80,16.84,16.96,18.73,19.00
2024-02-08 01:17:02,47.66,47.31,50.26,53.45,45.29,45.25,40.59,45.36,16.69,16.76,15.97,14.88,16.97,17.25,18.73,19.00
2024-02-08 01:19:07,47.48,47.36,49.55,51.47,45.05,45.11,40.38,45.32,16.64,16.62,16.21,15.52,17.01,17.20,18.80,19.00
2024-02-08 01:21:12,47.66,47.63,49.28,51.15,44.79,45.14,40.07,45.18,16.46,16.42,16.18,15.42,17.08,17.10,18.83,19.01
2024-02-08 01:23:17,48.13,47.95,49.35,51.72,44.57,45.08,39.73,44.89,16.19,16.20,16.09,15.16,17.10,17.05,18.93,19.07
2024-02-08 01:25:22,48.62,48.32,49.35,52.07,44.46,45.13,39.50,44.77,15.97,16.02,15.98,14.92,17.10,16.98,18.91,19.02
2024-02-08 01:27:27,49.53,49.14,51.01,54.30,44.60,45.66,40.57,45.49,15.74,15.77,15.87,14.83,17.03,16.82,18.80,18.93
2024-02-08 01:29:32,50.80,50.61,50.86,53.08,45.47,46.94,41.12,46.17,15.58,15.54,16.07,15.36,16.94,16.62,18.71,18.85
2024-02-08 01:31:37,49.98,49.84,49.86,51.22,45.68,46.76,40.74,46.04,15.97,15.97,16.37,15.91,16.92,16.79,18.88,18.91
2024-02-08 01:33:42,48.86,48.77,48.87,49.72,45.28,45.75,40.14,45.35,16.23,16.18,16.65,16.36,17.00,17.03,19.02,19.15
2024-02-08 01:35:47,48.76,49.01,48.21,48.66,45.14,45.83,39.86,45.16,16.15,15.96,16.85,16.67,16.99,16.87,19.10,19.10
2024-02-08 01:37:52,49.12,49.47,47.77,48.02,45.24,46.22,39.81,45.26,16.03,15.81,16.95,16.83,16.90,16.75,19.09,19.08
2024-02-08 01:39:57,49.53,49.78,47.95,48.79,45.28,46.40,39.98,45.17,15.83,15.67,16.80,16.36,16.89,16.67,18.94,19.10
2024-02-08 01:42:02,49.88,50.01,48.24,49.89,45.27,46.42,40.11,44.97,15.65,15.54,16.59,15.85,16.83,16.61,18.82,19.10
2024-02-08 01:44:07,50.17,50.22,48.48,50.78,45.19,46.36,40.09,44.85,15.50,15.43,16.45,15.49,16.80,16.60,18.77,19.12
2024-02-08 01:46:12,50.65,50.60,48.90,51.62,45.19,46.59,40.28,44.68,15.34,15.29,16.20,15.13,16.79,16.48,18.60,19.10
2024-02-08 01:48:17,51.12,50.99,49.57,52.05,46.05,47.40,41.01,45.39,15.61,15.62,16.21,15.32,16.79,16.56,18.58,19.00
2024-02-08 01:50:22,49.03,48.83,48.70,50.19,45.67,46.05,40.33,45.11,16.24,16.31,16.47,15.88,16.85,16.99,18.84,19.13
2024-02-08 01:52:27,47.25,46.98,48.60,50.43,45.00,44.75,39.64,44.57,16.76,16.84,16.45,15.65,17.04,17.42,19.07,19.29
2024-02-08 01:54:32,47.09,46.90,48.84,51.15,44.54,44.41,39.61,44.40,16.64,16.63,16.21,15.29,17.10,17.33,18.93,19.23
2024-02-08 01:56:37,47.52,47.40,49.30,51.93,44.40,44.72,39.93,44.53,16.39,16.36,15.96,14.93,17.10,17.14,18.68,19.10
2024-02-08 01:58:42,48.59,48.33,50.99,54.08,44.63,45.36,40.98,45.49,16.11,16.10,15.89,14.91,17.09,16.98,18.59,18.99
2024-02-08 02:00:47,49.49,49.29,49.93,51.92,45.13,46.03,40.62,45.47,15.95,15.92,16.27,15.58,17.00,16.88,18.84,19.08
2024-02-08 02:02:52,49.68,49.55,48.76,49.99,44.97,46.03,40.04,44.96,15.79,15.76,16.62,16.16,17.00,16.80,18.98,19.22
2024-02-08 02:04:57,49.77,49.80,47.87,48.62,44.87,46.13,39.70,44.48,15.69,15.59,16.88,16.57,17.00,16.68,19.04,19.30
2024-02-08 02:07:02,50.16,50.39,47.46,47.86,45.09,46.63,39.77,44.62,15.57,15.42,17.02,16.82,16.90,16.50,19.00,19.23
2024-02-08 02:09:07,49.89,50.18,47.09,47.34,45.44,46.82,39.75,44.74,15.84,15.70,17.14,17.00,16.88,16.59,19.08,19.23
2024-02-08 02:11:12,48.52,48.61,47.23,48.06,45.12,45.74,39.58,44.36,16.23,16.16,17.00,16.57,16.93,16.97,19.08,19.37
2024-02-08 02:13:17,48.43,48.57,47.64,49.22,44.77,45.43,39.65,44.32,16.09,15.95,16.69,15.98,16.94,16.88,18.93,19.22
2024-02-08 02:15:22,48.88,49.02,48.19,50.32,44.72,45.75,39.88,44.53,15.84,15.72,16.38,15.48,16.88,16.67,18.70,19.07
2024-02-08 02:17:27,49.42,49.44,48.78,51.38,44.80,46.07,40.25,44.82,15.61,15.53,16.13,15.09,16.80,16.52,18.50,18.91
2024-02-08 02:19:32,49.84,49.78,49.16,52.09,44.85,46.14,40.00,44.97,15.44,15.38,15.97,14.82,16.80,16.50,18.64,18.83
2024-02-08 02:21:37,50.28,50.17,49.64,52.79,44.95,46.27,39.88,45.12,15.31,15.27,15.88,14.78,16.72,16.45,18.78,18.83
2024-02-08 02:23:42,51.05,51.06,49.07,51.22,45.72,47.03,39.96,45.23,15.48,15.42,16.27,15.52,16.74,16.53,18.89,18.98
2024-02-08 02:25:47,49.18,49.08,48.43,50.11,45.38,45.88,39.50,44.69,16.08,16.09,16.43,15.76,16.86,16.94,19.08,19.18
2024-02-08 02:27:52,47.32,47.10,48.68,50.92,44.78,44.77,39.45,44.37,16.65,16.70,16.24,15.32,16.98,17.26,18.98,19.20
2024-02-08 02:29:57,46.53,46.24,49.00,51.57,44.24,44.19,39.52,44.29,16.72,16.77,16.05,15.01,17.10,17.34,18.82,19.15
2024-02-08 02:32:02,46.98,46.75,49.29,52.29,44.02,44.27,39.75,44.36,16.48,16.50,15.87,14.72,17.11,17.20,18.70,19.09
2024-02-08 02:34:07,47.93,47.57,50.88,54.30,44.07,44.82,40.67,45.17,16.18,16.23,15.80,14.72,17.10,17.03,18.64,18.93
2024-02-08 02:36:12,49.27,48.98,50.39,52.67,44.78,45.98,40.91,45.75,15.90,15.90,15.99,15.23,17.04,16.77,18.60,18.81
2024-02-08 02:38:17,49.69,49.60,49.37,50.77,44.94,46.36,40.52,45.53,15.73,15.67,16.26,15.75,16.97,16.61,18.71,18.88
2024-02-08 02:40:22,49.40,49.35,48.55,49.49,45.00,46.22,39.91,45.03,15.91,15.89,16.56,16.18,16.93,16.77,18.97,19.08
2024-02-08 02:42:27,48.05,47.87,47.69,48.42,44.69,45.11,39.37,44.51,16.35,16.35,16.88,16.57,17.05,17.15,19.20,19.29
2024-02-08 02:44:32,47.96,48.02,47.12,47.66,44.46,44.90,39.08,44.18,16.28,16.18,17.11,16.89,17.10,17.11,19.30,19.40
2024-02-08 02:46:37,48.43,48.56,46.71,47.18,44.50,45.32,39.03,44.25,16.10,15.98,17.15,16.88,17.07,16.91,19.27,19.30
2024-02-08 02:48:42,49.00,49.03,47.19,48.39,44.56,45.69,39.31,44.44,15.81,15.73,16.83,16.22,17.00,16.73,18.99,19.14
2024-02-08 02:50:47,49.38,49.32,47.56,49.43,44.53,45.81,39.41,44.53,15.63,15.57,16.57,15.72,16.90,16.65,18.88,19.04
2024-02-08 02:52:52,49.73,49.62,48.14,50.55,44.48,45.93,39.69,44.66,15.42,15.39,16.26,15.26,16.87,16.50,18.65,18.89
2024-02-08 02:54:57,50.39,50.34,48.95,51.56,45.15,46.72,40.23,45.21,15.49,15.48,16.12,15.12,16.80,16.47,18.61,18.80
2024-02-08 02:57:02,48.77,48.55,48.43,50.11,45.17,45.83,40.04,45.20,16.13,16.19,16.42,15.78,16.86,16.91,18.78,18.91
2024-02-08 02:59:07,46.99,46.67,47.88,49.49,44.61,44.42,39.47,44.48,16.71,16.81,16.52,15.82,17.04,17.39,18.99,19.17
2024-02-08 03:01:12,46.58,46.30,48.09,50.33,44.05,43.79,39.42,44.17,16.72,16.73,16.34,15.44,17.17,17.47,18.89,19.20
2024-02-08 03:03:17,46.89,46.68,48.31,50.93,43.77,43.92,39.58,44.01,16.51,16.51,16.20,15.12,17.20,17.33,18.74,19.19
2024-02-08 03:05:22,47.66,47.39,49.47,52.59,43.72,44.35,40.07,44.62,16.18,16.17,15.97,14.86,17.20,17.12,18.62,18.98
2024-02-08 03:07:27,48.98,48.72,49.82,52.34,44.31,45.43,40.76,45.44,15.93,15.92,16.09,15.25,17.12,16.87,18.59,18.90
2024-02-08 03:09:32,49.42,49.33,48.95,50.42,44.52,45.92,40.38,45.26,15.73,15.68,16.32,15.78,17.01,16.71,18.65,18.91
2024-02-08 03:11:37,49.42,49.41,48.12,49.03,44.61,45.96,39.67,44.86,15.77,15.70,16.61,16.23,17.00,16.71,18.96,19.04
2024-02-08 03:13:42,48.16,48.09,47.57,48.17,44.50,45.25,39.31,44.52,16.23,16.18,16.78,16.53,17.00,16.95,19.09,19.17
2024-02-08 03:15:47,47.81,47.92,47.07,47.42,44.30,44.99,39.03,44.32,16.22,16.09,16.94,16.77,17.00,16.93,19.15,19.17
2024-02-08 03:17:52,47.97,48.20,46.54,46.73,44.31,45.14,38.92,44.27,16.17,15.97,17.13,17.02,17.00,16.90,19.21,19.23
2024-02-08 03:19:57,48.18,48.49,46.30,46.85,44.30,45.13,38.63,43.90,16.02,15.84,17.10,16.79,17.00,16.84,19.28,19.34
2024-02-08 03:22:02,48.64,48.82,46.72,48.18,44.20,45.22,38.48,43.71,15.79,15.66,16.87,16.15,17.00,16.79,19.28,19.37
2024-02-08 03:24:07,49.10,49.09,47.10,49.23,44.08,45.25,38.49,43.68,15.58,15.52,16.63,15.69,16.93,16.68,19.18,19.27
2024-02-08 03:26:12,49.61,49.55,47.75,50.33,44.15,45.60,38.69,44.01,15.37,15.29,16.31,15.22,16.88,16.52,19.00,19.06
2024-02-08 03:28:17,50.30,50.26,48.59,51.38,44.86,46.43,39.33,44.72,15.44,15.41,16.12,15.06,16.80,16.47,18.90,18.90
2024-02-08 03:30:22,48.64,48.43,48.03,50.03,44.73,45.41,39.00,44.55,16.09,16.13,16.47,15.72,16.90,16.96,19.16,19.09
2024-02-08 03:32:27,47.01,46.77,47.79,49.48,44.40,44.41,38.80,44.28,16.67,16.73,16.48,15.75,17.05,17.32,19.17,19.17
2024-02-08 03:34:32,46.52,46.27,48.22,50.39,43.95,43.93,38.92,44.25,16.65,16.68,16.21,15.31,17.10,17.34,19.02,19.06
2024-02-08 03:36:37,46.95,46.77,48.56,51.17,43.82,44.14,39.19,44.48,16.41,16.40,16.03,14.97,17.10,17.15,18.80,18.91
2024-02-08 03:38:42,47.37,47.10,48.90,52.07,43.59,44.15,39.39,44.42,16.16,16.16,15.88,14.67,17.10,17.07,18.67,18.90
2024-02-08 03:40:47,48.45,48.12,50.05,53.31,43.82,44.75,40.05,44.98,15.93,15.90,15.94,14.88,17.10,16.94,18.77,18.95
2024-02-08 03:42:52,49.00,48.86,48.88,50.94,44.02,45.22,39.47,44.65,15.75,15.70,16.23,15.53,17.08,16.82,18.95,19.07
2024-02-08 03:44:57,49.36,49.32,48.16,49.43,44.10,45.58,39.34,44.40,15.57,15.48,16.45,15.97,17.00,16.62,18.90,19.05
2024-02-08 03:47:02,49.07,49.12,47.63,48.40,44.37,45.79,39.32,44.45,15.80,15.72,16.61,16.33,16.93,16.66,18.93,19.02
2024-02-08 03:49:07,47.74,47.66,46.95,47.48,44.15,44.78,38.85,44.06,16.24,16.16,16.89,16.68,16.99,17.01,19.15,19.25
2024-02-08 03:51:12,47.75,47.94,46.49,46.79,44.04,44.84,38.67,43.99,16.14,15.96,17.02,16.90,17.00,16.88,19.19,19.18
2024-02-08 03:53:17,48.14,48.41,46.29,46.52,44.16,45.27,38.68,44.07,15.96,15.77,17.03,16.87,16.92,16.71,19.12,19.13
2024-02-08 03:55:22,48.72,48.86,46.93,47.98,44.36,45.57,39.00,44.24,15.74,15.62,16.73,16.20,16.88,16.60,18.97,19.09
2024-02-08 03:57:27,49.05,49.15,47.29,49.07,44.31,45.53,38.81,44.19,15.57,15.47,16.51,15.72,16.82,16.59,19.02,19.03
2024-02-08 03:59:32,49.36,49.38,47.69,50.12,44.22,45.49,38.84,44.17,15.43,15.33,16.31,15.28,16.80,16.51,18.93,19.00
2024-02-08 04:01:37,49.88,49.89,48.16,51.06,44.43,45.80,39.02,44.25,15.35,15.32,16.13,14.97,16.80,16.51,18.88,18.94
2024-02-08 04:03:42,49.08,48.97,48.26,50.78,44.63,45.52,39.14,44.46,15.83,15.83,16.25,15.35,16.85,16.80,18.98,19.02
2024-02-08 04:05:47,47.28,47.09,47.56,49.11,44.23,44.41,38.78,44.03,16.45,16.47,16.48,15.87,16.96,17.18,19.07,19.17
2024-02-08 04:07:52,46.17,45.96,47.69,49.60,43.80,43.68,38.75,43.87,16.73,16.76,16.33,15.52,17.09,17.38,18.99,19.20
2024-02-08 04:09:57,46.38,46.26,47.94,50.36,43.48,43.65,38.91,43.76,16.52,16.49,16.19,15.19,17.15,17.26,18.88,19.15
2024-02-08 04:12:02,47.07,46.85,48.76,51.67,43.47,44.02,39.18,44.24,16.22,16.23,15.94,14.85,17.12,17.06,18.77,18.91
2024-02-08 04:14:07,48.26,48.01,49.58,52.20,43.85,44.95,39.96,45.08,15.93,15.92,15.97,15.09,17.04,16.82,18.70,18.80
2024-02-08 04:16:12,48.78,48.66,48.55,50.12,44.07,45.42,39.59,44.75,15.75,15.70,16.27,15.68,17.00,16.70,18.81,18.92
2024-02-08 04:18:17,48.42,48.40,47.61,48.64,44.16,45.23,39.06,44.33,16.00,15.92,16.58,16.18,16.99,16.84,19.04,19.10
2024-02-08 04:20:22,47.08,46.97,46.78,47.59,43.82,44.12,38.53,43.68,16.40,16.37,16.88,16.57,17.08,17.19,19.25,19.38
2024-02-08 04:22:27,46.99,47.09,46.12,46.68,43.50,43.98,38.17,43.22,16.35,16.18,17.10,16.86,17.11,17.14,19.38,19.49
2024-02-08 04:24:32,47.32,47.56,45.78,46.21,43.47,44.32,38.08,43.21,16.15,15.97,17.14,16.88,17.10,16.95,19.26,19.40
2024-02-08 04:26:37,47.98,48.12,46.47,47.57,43.66,44.79,38.44,43.48,15.88,15.75,16.80,16.22,17.02,16.76,19.12,19.26
2024-02-08 04:28:42,48.45,48.42,46.82,48.71,43.71,44.93,38.52,43.51,15.69,15.65,16.62,15.76,16.98,16.69,19.02,19.25
2024-02-08 04:30:47,48.93,48.82,47.48,49.92,43.75,45.18,38.78,43.78,15.48,15.43,16.26,15.25,16.89,16.55,18.84,19.05
2024-02-08 04:32:52,49.64,49.49,48.26,50.89,44.02,45.73,39.34,44.24,15.28,15.25,16.02,15.01,16.80,16.36,18.60,18.82
2024-02-08 04:34:57,49.17,49.02,47.83,49.62,44.46,45.73,39.40,44.53,15.68,15.69,16.32,15.63,16.78,16.61,18.74,18.86
2024-02-08 04:37:02,47.38,47.19,47.06,48.41,44.15,44.44,38.79,43.98,16.34,16.38,16.58,16.00,16.93,17.13,19.03,19.12
2024-02-08 04:39:07,45.72,45.47,47.11,49.08,43.49,43.18,38.47,43.38,16.85,16.92,16.48,15.61,17.14,17.54,19.10,19.33
2024-02-08 04:41:12,45.56,45.40,47.30,49.70,42.95,42.79,38.27,43.08,16.75,16.73,16.31,15.31,17.22,17.52,19.09,19.35
2024-02-08 04:43:17,46.15,45.97,48.07,50.94,42.78,43.13,38.47,43.42,16.43,16.38,16.01,14.92,17.22,17.25,18.91,19.11
2024-02-08 04:45:22,47.37,47.12,48.91,51.52,43.17,44.07,39.34,44.39,16.11,16.09,16.05,15.15,17.18,17.00,18.80,18.92
2024-02-08 04:47:27,47.88,47.72,47.89,49.59,43.36,44.42,38.82,44.07,15.93,15.89,16.36,15.73,17.11,16.89,18.97,19.01
2024-02-08 04:49:32,48.32,48.21,47.34,48.39,43.44,44.86,38.67,44.09,15.73,15.67,16.54,16.14,17.04,16.68,19.00,19.00
2024-02-08 04:51:37,48.73,48.77,46.93,47.52,43.68,45.32,38.71,44.17,15.61,15.48,16.68,16.43,16.93,16.52,19.00,18.90
2024-02-08 04:53:42,47.97,47.99,46.46,46.86,43.94,45.02,38.65,44.07,16.05,15.97,16.93,16.73,16.93,16.80,19.08,19.08
2024-02-08 04:55:47,46.97,47.03,45.87,46.18,43.72,44.13,38.18,43.52,16.31,16.24,17.18,17.00,17.01,17.10,19.33,19.33
2024-02-08 04:57:52,47.01,47.24,45.47,45.98,43.55,44.03,37.85,43.08,16.26,16.10,17.25,16.94,17.08,17.10,19.42,19.47
2024-02-08 04:59:57,47.32,47.52,45.89,47.29,43.44,44.10,37.82,42.92,16.12,15.97,16.98,16.31,17.10,17.02,19.36,19.50
2024-02-08 05:02:02,47.79,47.88,46.43,48.39,43.38,44.33,37.98,43.09,15.88,15.77,16.68,15.81,17.04,16.86,19.22,19.32
2024-02-08 05:04:07,48.38,48.36,47.16,49.63,43.45,44.73,38.33,43.52,15.60,15.53,16.34,15.30,16.96,16.64,18.98,19.06
2024-02-08 05:06:12,48.88,48.80,47.78,50.56,43.53,45.01,38.63,43.88,15.40,15.35,16.14,15.07,16.90,16.50,18.85,18.92
2024-02-08 05:08:17,49.52,49.47,47.47,49.48,44.01,45.63,38.76,43.98,15.38,15.33,16.37,15.60,16.82,16.43,18.90,19.00
2024-02-08 05:10:22,48.28,48.18,47.08,48.50,44.09,45.08,38.60,43.83,15.92,15.92,16.48,15.89,16.84,16.75,19.00,19.08
2024-02-08 05:12:27,46.57,46.33,47.45,49.37,43.77,44.05,38.58,43.72,16.51,16.56,16.27,15.43,16.94,17.13,18.93,19.08
2024-02-08 05:14:32,45.50,45.29,47.67,50.14,43.31,43.17,38.50,43.55,16.80,16.82,16.16,15.14,17.10,17.39,18.96,19.15
2024-02-08 05:16:37,45.82,45.62,48.22,51.24,43.02,43.07,38.55,43.47,16.61,16.59,15.99,14.84,17.20,17.35,18.92,19.18
2024-02-08 05:18:42,46.73,46.46,48.89,51.73,43.24,43.61,39.02,43.90,16.41,16.38,16.12,15.13,17.20,17.26,18.99,19.21
2024-02-08 05:20:47,47.22,47.03,47.86,49.69,43.19,43.93,38.27,43.50,16.18,16.16,16.41,15.73,17.20,17.13,19.32,19.30
2024-02-08 05:22:52,47.73,47.62,47.13,48.34,43.22,44.27,38.01,43.42,15.95,15.91,16.63,16.17,17.17,16.91,19.33,19.29
2024-02-08 05:24:57,48.15,48.21,46.68,47.40,43.34,44.73,38.03,43.54,15.75,15.65,16.78,16.48,17.06,16.69,19.27,19.21
2024-02-08 05:27:02,48.50,48.70,46.18,46.63,43.61,45.10,38.11,43.48,15.71,15.53,16.99,16.78,17.00,16.62,19.25,19.26
2024-02-08 05:29:07,47.55,47.77,45.68,46.02,43.64,44.65,37.88,43.17,16.15,16.01,17.18,17.01,17.00,16.88,19.40,19.43
2024-02-08 05:31:12,46.85,47.08,45.45,45.72,43.43,44.11,37.73,42.91,16.26,16.12,17.21,16.99,17.02,16.97,19.38,19.45
2024-02-08 05:33:17,47.11,47.34,46.01,46.94,43.33,44.27,38.01,43.02,16.08,15.93,16.86,16.36,17.00,16.84,19.15,19.34
2024-02-08 05:35:22,47.57,47.73,46.56,48.25,43.45,44.46,38.33,43.18,15.91,15.75,16.60,15.81,16.99,16.80,19.00,19.27
2024-02-08 05:37:27,48.05,48.13,46.99,49.33,43.48,44.53,38.45,43.23,15.73,15.60,16.42,15.42,16.91,16.72,18.94,19.22
2024-02-08 05:39:32,48.49,48.47,47.42,50.21,43.45,44.65,38.68,43.22,15.54,15.47,16.23,15.09,16.90,16.66,18.79,19.20
2024-02-08 05:41:37,48.85,48.91,47.72,50.36,43.52,44.88,38.84,43.37,15.43,15.33,16.25,15.24,16.90,16.60,18.78,19.20
2024-02-08 05:43:42,49.01,49.15,46.97,48.74,44.05,45.26,38.44,43.39,15.68,15.58,16.58,15.89,16.90,16.72,19.12,19.31
2024-02-08 05:45:47,47.43,47.32,47.12,49.03,43.86,44.38,38.42,43.23,16.26,16.26,16.48,15.66,16.98,17.06,19.07,19.35
2024-02-08 05:47:52,46.00,45.76,47.56,49.98,43.50,43.54,38.61,43.27,16.77,16.79,16.29,15.30,17.14,17.36,19.00,19.30
2024-02-08 05:49:57,45.58,45.34,47.95,50.82,43.05,43.03,38.61,43.15,16.77,16.78,16.12,15.00,17.20,17.45,18.95,19.33
2024-02-08 05:52:02,46.42,46.26,49.00,51.84,43.18,43.62,39.14,43.84,16.56,16.51,16.06,15.11,17.22,17.26,18.99,19.22
2024-02-08 05:54:07,47.13,47.05,48.32,50.11,43.45,44.27,39.07,43.92,16.31,16.22,16.28,15.63,17.20,17.05,18.93,19.20
2024-02-08 05:56:12,47.79,47.81,47.92,49.03,43.67,44.83,39.10,44.07,16.06,15.97,16.47,16.05,17.11,16.85,18.97,19.17
2024-02-08 05:58:17,48.25,48.37,47.26,48.07,43.82,45.05,38.78,43.90,15.93,15.77,16.76,16.45,17.06,16.77,19.18,19.27
2024-02-08 06:00:22,48.54,48.82,46.64,47.15,43.90,45.21,38.27,43.58,15.80,15.60,17.04,16.78,17.00,16.71,19.42,19.39
2024-02-08 06:02:27,48.75,49.11,45.98,46.37,44.03,45.38,38.01,43.36,15.79,15.58,17.27,17.05,17.00,16.73,19.51,19.52
2024-02-08 06:04:32,47.48,47.67,45.64,46.53,43.81,44.54,37.86,42.83,16.28,16.17,17.27,16.80,17.07,17.07,19.53,19.68
2024-02-08 06:06:37,47.16,47.29,46.24,47.87,43.52,44.11,38.13,42.91,16.24,16.09,16.89,16.12,17.10,17.07,19.23,19.51
2024-02-08 06:08:42,47.47,47.62,46.84,49.02,43.49,44.34,38.54,43.32,16.07,15.93,16.57,15.62,17.08,16.93,18.97,19.28
2024-02-08 06:10:47,47.95,47.99,47.46,50.27,43.50,44.53,38.60,43.45,15.83,15.74,16.32,15.18,17.02,16.82,18.95,19.20
2024-02-08 06:12:52,48.53,48.57,47.68,50.03,43.62,44.98,38.87,43.71,15.64,15.53,16.32,15.47,16.96,16.62,18.84,19.10
2024-02-08 06:14:57,48.85,49.10,47.16,48.52,43.84,45.43,38.60,43.90,15.50,15.33,16.51,15.93,16.85,16.45,18.97,18.99
2024-02-08 06:17:02,49.33,49.55,47.39,49.06,44.43,45.96,38.83,44.15,15.61,15.50,16.39,15.65,16.80,16.52,18.93,18.99
2024-02-08 06:19:07,47.72,47.63,47.67,49.92,44.12,44.74,38.69,43.80,16.20,16.19,16.27,15.32,16.92,16.97,19.00,19.15
2024-02-08 06:21:12,45.92,45.75,47.84,50.64,43.48,43.43,38.42,43.45,16.78,16.81,16.15,15.02,17.13,17.41,19.07,19.24
2024-02-08 06:23:17,45.75,45.61,48.75,52.01,43.11,43.05,38.41,43.56,16.76,16.72,16.02,14.86,17.26,17.49,19.19,19.29
2024-02-08 06:25:22,46.61,46.56,48.75,51.30,43.32,43.68,38.60,43.87,16.57,16.47,16.18,15.30,17.30,17.35,19.26,19.30
2024-02-08 06:27:27,47.09,47.10,47.99,49.57,43.35,44.12,38.47,43.65,16.32,16.24,16.42,15.82,17.25,17.12,19.20,19.30
2024-02-08 06:29:32,47.64,47.71,47.44,48.47,43.53,44.56,38.49,43.61,16.10,15.99,16.59,16.21,17.17,16.94,19.20,19.31
2024-02-08 06:31:37,48.03,48.12,46.83,47.54,43.58,44.78,38.39,43.37,15.96,15.83,16.84,16.56,17.11,16.84,19.20,19.45
2024-02-08 06:33:42,48.40,48.58,46.36,46.78,43.66,45.11,38.36,43.23,15.76,15.60,16.98,16.81,17.02,16.66,19.20,19.42
2024-02-08 06:35:47,48.72,49.00,45.92,46.17,43.84,45.48,38.31,43.37,15.66,15.47,17.11,17.00,16.92,16.50,19.20,19.30
2024-02-08 06:37:52,47.60,47.85,45.63,45.95,43.90,44.94,38.12,43.25,16.12,16.02,17.17,16.94,16.92,16.81,19.28,19.38
2024-02-08 06:39:57,47.15,47.23,45.94,47.28,43.63,44.22,38.04,43.03,16.17,16.06,16.93,16.29,17.00,17.00,19.26,19.43
2024-02-08 06:42:02,47.27,47.43,46.24,48.20,43.50,44.17,38.07,42.90,16.07,15.96,16.74,15.88,17.00,16.99,19.20,19.46
2024-02-08 06:44:07,47.62,47.69,46.91,49.46,43.34,44.17,37.98,42.91,15.88,15.80,16.46,15.36,17.00,16.89,19.17,19.37
2024-02-08 06:46:12,48.12,48.06,47.58,50.47,43.32,44.41,38.39,43.11,15.67,15.62,16.21,15.07,17.00,16.74,18.94,19.27
2024-02-08 06:48:17,48.88,48.82,48.26,51.03,43.65,45.06,38.92,43.58,15.44,15.38,16.07,15.05,16.88,16.54,18.79,19.14
2024-02-08 06:50:22,49.49,49.56,47.65,49.41,44.22,45.73,38.79,43.70,15.47,15.38,16.45,15.79,16.80,16.52,19.02,19.20
2024-02-08 06:52:27,48.45,48.47,47.33,48.96,44.42,45.28,38.52,43.52,15.97,15.93,16.52,15.81,16.88,16.82,19.15,19.30
2024-02-08 06:54:32,46.82,46.68,47.73,49.87,44.04,44.30,38.64,43.53,16.56,16.58,16.35,15.46,16.97,17.18,19.07,19.30
2024-02-08 06:56:37,45.81,45.63,48.00,50.47,43.65,43.58,38.72,43.51,16.82,16.82,16.16,15.15,17.10,17.36,18.93,19.26
2024-02-08 06:58:42,45.99,45.88,48.27,51.18,43.31,43.46,38.87,43.47,16.62,16.57,16.01,14.88,17.11,17.29,18.80,19.20
2024-02-08 07:00:47,46.53,46.32,49.29,52.71,43.21,43.62,39.17,43.81,16.42,16.40,15.93,14.78,17.20,17.20,18.89,19.20
2024-02-08 07:02:52,47.51,47.34,48.75,51.18,43.51,44.23,39.08,43.92,16.21,16.15,16.24,15.41,17.20,17.10,19.07,19.25
2024-02-08 07:04:57,47.84,47.82,47.61,49.14,43.49,44.43,38.38,43.52,16.03,15.93,16.59,16.02,17.14,16.98,19.32,19.33
2024-02-08 07:07:02,48.09,48.27,46.86,47.85,43.49,44.69,38.03,43.36,15.87,15.72,16.81,16.44,17.10,16.81,19.38,19.38
2024-02-08 07:09:07,48.42,48.69,46.30,46.90,43.61,45.07,38.00,43.45,15.73,15.54,16.98,16.75,16.99,16.64,19.34,19.26
2024-02-08 07:11:12,48.48,48.89,45.87,46.13,43.81,45.38,37.92,43.52,15.76,15.54,17.18,17.02,16.93,16.60,19.41,19.28
2024-02-08 07:13:17,47.27,47.45,45.38,45.84,43.71,44.51,37.67,42.93,16.23,16.12,17.26,17.00,16.99,16.93,19.48,19.51
2024-02-08 07:15:22,46.95,47.11,45.95,47.12,43.42,44.10,37.87,42.78,16.18,16.05,16.90,16.32,17.00,16.95,19.23,19.46
2024-02-08 07:17:27,47.40,47.51,46.53,48.37,43.42,44.37,38.22,43.00,15.97,15.84,16.57,15.76,16.93,16.77,19.02,19.27
2024-02-08 07:19:32,47.85,47.87,47.06,49.51,43.50,44.54,38.45,43.26,15.77,15.68,16.33,15.31,16.90,16.70,18.91,19.17
2024-02-08 07:21:37,48.26,48.30,47.55,50.41,43.61,44.68,38.44,43.50,15.61,15.54,16.17,15.02,16.90,16.67,18.91,19.10
2024-02-08 07:23:42,48.69,48.67,48.09,51.25,43.67,44.83,38.41,43.63,15.48,15.41,16.02,14.82,16.85,16.61,19.01,19.07
2024-02-08 07:25:47,49.19,49.22,47.80,50.13,43.93,45.23,38.00,43.65,15.40,15.31,16.28,15.42,16.80,16.53,19.31,19.15
2024-02-08 07:27:52,49.10,49.21,47.13,48.81,44.35,45.43,37.87,43.48,15.73,15.64,16.54,15.88,16.84,16.70,19.43,19.32
2024-02-08 07:29:57,47.28,47.19,47.41,49.54,43.96,44.36,37.98,43.30,16.32,16.32,16.36,15.48,16.95,17.06,19.25,19.31
2024-02-08 07:32:02,45.73,45.52,47.67,50.23,43.42,43.38,38.17,43.30,16.76,16.82,16.18,15.16,17.07,17.37,19.12,19.25
2024-02-08 07:34:07,45.57,45.40,47.95,50.88,42.97,42.97,38.08,43.25,16.68,16.67,16.03,14.88,17.19,17.37,19.08,19.17
2024-02-08 07:36:12,46.50,46.28,49.27,52.44,43.13,43.61,38.98,44.12,16.42,16.39,15.93,14.87,17.19,17.18,18.93,19.03
2024-02-08 07:38:17,47.26,47.19,48.61,50.70,43.40,44.29,38.96,44.31,16.18,16.10,16.12,15.39,17.10,16.98,18.93,18.93
2024-02-08 07:40:22,47.72,47.70,47.89,49.22,43.48,44.62,38.67,44.27,15.95,15.87,16.35,15.88,17.03,16.80,19.01,18.93
2024-02-08 07:42:27,48.10,48.17,47.14,48.01,43.57,44.79,38.33,43.93,15.78,15.70,16.66,16.29,17.00,16.71,19.17,19.08
2024-02-08 07:44:32,48.12,48.23,46.50,47.06,43.76,44.90,37.98,43.60,15.92,15.82,16.93,16.68,17.00,16.80,19.41,19.29
2024-02-08 07:46:37,46.86,46.92,45.83,46.33,43.62,43.97,37.52,43.08,16.39,16.31,17.23,17.00,17.09,17.20,19.66,19.54
2024-02-08 07:48:42,46.70,46.90,45.29,45.70,43.28,43.72,37.24,42.60,16.37,16.19,17.35,17.10,17.10,17.18,19.67,19.67
2024-02-08 07:50:47,47.08,47.31,45.77,46.83,43.24,43.98,37.53,42.80,16.14,15.98,16.99,16.45,17.10,17.01,19.42,19.46
2024-02-08 07:52:52,47.61,47.76,46.37,48.09,43.32,44.35,37.97,43.17,15.90,15.76,16.68,15.89,17.02,16.83,19.13,19.26
2024-02-08 07:54:57,47.99,48.00,46.82,49.17,43.33,44.48,38.16,43.22,15.70,15.63,16.47,15.43,16.98,16.70,19.02,19.20
2024-02-08 07:57:02,48.50,48.46,47.50,50.28,43.45,44.77,38.32,43.47,15.51,15.42,16.18,15.05,16.90,16.58,18.90,19.05
2024-02-08 07:59:07,48.94,48.94,47.78,50.13,43.64,45.17,38.65,43.81,15.36,15.27,16.18,15.31,16.81,16.43,18.80,18.90
2024-02-08 08:01:12,49.03,49.15,47.23,48.63,44.21,45.68,38.62,44.01,15.58,15.48,16.43,15.89,16.74,16.48,18.93,18.94
2024-02-08 08:03:17,47.33,47.23,47.09,48.79,44.02,44.49,38.40,43.68,16.22,16.24,16.45,15.70,16.85,16.96,19.04,19.14
2024-02-08 08:05:22,45.78,45.55,47.36,49.65,43.48,43.33,38.21,43.24,16.75,16.77,16.32,15.38,17.05,17.38,19.14,19.34
2024-02-08 08:07:27,45.62,45.52,47.61,50.31,43.05,42.97,38.09,42.97,16.69,16.66,16.21,15.10,17.18,17.40,19.10,19.40
2024-02-08 08:09:32,45.99,45.85,48.47,51.58,42.85,43.07,38.40,43.08,16.52,16.45,16.03,14.90,17.20,17.29,19.04,19.35
2024-02-08 08:11:37,46.98,46.94,48.55,50.95,43.21,43.89,38.80,43.57,16.27,16.17,16.16,15.33,17.19,17.07,19.02,19.30
2024-02-08 08:13:42,47.52,47.52,47.90,49.41,43.40,44.39,38.63,43.49,16.05,15.95,16.38,15.85,17.10,16.89,19.09,19.30
2024-02-08 08:15:47,47.94,48.00,47.28,48.23,43.57,44.75,38.52,43.38,15.89,15.79,16.65,16.29,17.04,16.79,19.13,19.38
2024-02-08 08:17:52,48.37,48.48,46.78,47.41,43.73,45.04,38.39,43.35,15.80,15.63,16.88,16.62,17.00,16.67,19.23,19.39
2024-02-08 08:19:57,48.78,49.09,46.60,46.93,44.08,45.59,38.47,43.63,15.70,15.50,17.02,16.88,16.91,16.55,19.27,19.32
2024-02-08 08:22:02,49.21,49.62,46.49,46.73,44.47,46.03,38.66,43.85,15.61,15.37,17.07,16.96,16.82,16.44,19.24,19.30
2024-02-08 08:24:07,49.32,49.69,47.12,48.06,44.91,46.30,38.95,44.15,15.78,15.56,16.88,16.39,16.80,16.53,19.20,19.27
2024-02-08 08:26:12,48.03,48.09,47.50,49.29,44.78,45.29,38.97,43.93,16.23,16.15,16.74,15.95,16.88,16.95,19.20,19.39
2024-02-08 08:28:17,48.06,48.16,47.94,50.32,44.60,44.98,38.77,43.89,16.17,16.05,16.52,15.54,16.91,16.99,19.24,19.38
2024-02-08 08:30:22,48.36,48.43,48.46,51.23,44.50,45.16,39.01,44.08,15.99,15.89,16.29,15.17,16.90,16.87,19.07,19.25
2024-02-08 08:32:27,48.89,48.93,49.13,52.09,44.60,45.53,39.42,44.46,15.80,15.70,16.05,14.96,16.90,16.72,18.92,19.11
2024-02-08 08:34:32,49.39,49.51,49.01,51.15,44.83,46.03,39.58,44.73,15.64,15.52,16.23,15.47,16.81,16.53,18.92,19.01
2024-02-08 08:36:37,49.65,49.88,48.39,49.99,45.04,46.19,39.08,44.56,15.58,15.43,16.39,15.75,16.78,16.52,19.17,19.10
2024-02-08 08:38:42,49.96,50.12,48.82,50.80,45.06,46.35,39.17,44.53,15.44,15.32,16.15,15.36,16.71,16.44,19.03,19.07
2024-02-08 08:40:47,50.53,50.67,49.22,51.46,45.38,46.83,39.38,44.78,15.35,15.23,15.98,15.07,16.62,16.33,18.88,18.93
2024-02-08 08:42:52,49.77,49.76,49.67,52.40,45.69,46.62,39.78,45.12,15.79,15.75,15.81,14.77,16.63,16.57,18.80,18.89
2024-02-08 08:44:57,48.03,47.85,50.48,53.89,45.29,45.43,40.01,45.21,16.44,16.46,15.81,14.65,16.82,17.07,18.86,18.95
2024-02-08 08:47:02,47.41,47.12,50.64,53.39,45.20,44.85,39.95,45.36,16.80,16.83,16.06,15.14,17.04,17.46,19.17,19.16
2024-02-08 08:49:07,47.51,47.48,49.80,51.61,45.01,44.89,39.65,44.97,16.72,16.63,16.31,15.70,17.10,17.35,19.22,19.30
2024-02-08 08:51:12,47.65,47.75,49.05,50.19,44.82,45.05,39.40,44.92,16.57,16.43,16.53,16.15,17.10,17.21,19.30,19.21
2024-02-08 08:53:17,48.12,48.31,48.42,49.11,44.79,45.39,39.21,45.06,16.34,16.15,16.75,16.50,17.08,17.02,19.31,19.11
2024-02-08 08:55:22,48.47,48.73,47.91,48.38,44.83,45.66,39.10,44.93,16.16,15.96,16.84,16.61,17.00,16.88,19.30,19.10
2024-02-08 08:57:27,48.79,48.91,48.03,49.22,44.63,45.54,39.09,44.75,15.94,15.80,16.62,16.09,17.00,16.82,19.20,19.09
2024-02-08 08:59:32,49.11,49.23,48.42,50.13,44.57,45.70,39.27,44.90,15.72,15.60,16.36,15.62,16.90,16.66,18.98,18.92
2024-02-08 09:01:37,49.55,49.57,49.01,51.19,44.72,45.98,39.77,45.19,15.54,15.45,16.09,15.21,16.82,16.53,18.72,18.80
2024-02-08 09:03:42,49.93,49.92,49.51,52.21,44.98,46.21,39.83,45.36,15.47,15.42,15.92,14.89,16.76,16.51,18.75,18.71
2024-02-08 09:05:47,49.05,48.96,49.52,52.01,45.09,45.80,39.54,45.35,15.95,15.92,16.11,15.22,16.79,16.82,19.02,18.88
2024-02-08 09:07:52,48.15,48.14,48.57,50.17,44.73,44.98,38.93,44.78,16.20,16.09,16.43,15.80,16.90,17.01,19.28,19.07
2024-02-08 09:09:57,48.11,48.21,48.48,50.48,44.49,44.82,38.85,44.46,16.13,16.00,16.32,15.52,16.93,17.03,19.17,19.12
2024-02-08 09:12:02,48.38,48.54,48.83,51.17,44.37,45.01,39.18,44.68,15.91,15.78,16.10,15.21,16.90,16.84,18.93,18.94
2024-02-08 09:14:07,48.93,49.00,49.35,51.94,44.48,45.39,39.47,44.98,15.70,15.60,15.87,14.88,16.85,16.68,18.77,18.77
2024-02-08 09:16:12,49.49,49.49,50.56,53.66,44.70,45.75,39.91,45.48,15.59,15.49,15.82,14.79,16.80,16.60,18.85,18.70
2024-02-08 09:18:17,50.33,50.41,50.32,52.47,45.35,46.58,40.18,45.98,15.50,15.38,16.02,15.33,16.73,16.50,18.90,18.72
2024-02-08 09:20:22,50.43,50.63,49.44,50.78,45.44,46.78,39.83,45.78,15.44,15.26,16.28,15.83,16.67,16.39,18.99,18.74
2024-02-08 09:22:27,50.39,50.79,48.72,49.51,45.53,46.92,39.52,45.54,15.40,15.20,16.50,16.24,16.60,16.30,19.06,18.83
2024-02-08 09:24:32,50.73,51.31,48.04,48.54,45.98,47.33,39.29,45.26,15.52,15.28,16.79,16.60,16.60,16.38,19.24,19.00
2024-02-08 09:26:37,49.37,49.82,47.49,47.93,46.08,46.52,38.99,44.82,16.13,15.98,17.02,16.82,16.70,16.85,19.47,19.31
2024-02-08 09:28:42,47.53,47.71,47.57,48.71,45.38,45.07,38.68,44.35,16.72,16.61,16.92,16.37,16.93,17.32,19.56,19.41
2024-02-08 09:30:47,47.27,47.43,48.02,49.81,44.94,44.67,38.95,44.42,16.68,16.54,16.65,15.91,17.00,17.32,19.32,19.30
2024-02-08 09:32:52,47.56,47.80,48.62,50.86,44.87,44.93,39.41,44.78,16.51,16.34,16.40,15.47,17.00,17.17,19.04,19.12
2024-02-08 09:34:57,48.03,48.15,49.19,51.80,44.86,45.17,39.77,45.02,16.27,16.18,16.19,15.19,17.00,17.10,18.92,19.01
2024-02-08 09:37:02,48.59,48.55,49.59,52.43,44.83,45.36,39.83,45.17,16.09,16.03,16.00,14.93,17.00,16.98,18.85,18.95
2024-02-08 09:39:07,49.09,49.04,50.12,53.09,44.90,45.71,40.32,45.46,15.91,15.83,15.93,14.90,16.94,16.83,18.70,18.85
2024-02-08 09:41:12,49.46,49.54,49.64,51.54,45.15,46.13,40.19,45.69,15.80,15.72,16.18,15.50,16.89,16.72,18.82,18.80
2024-02-08 09:43:17,49.72,49.88,49.22,50.78,45.29,46.32,39.93,45.64,15.72,15.60,16.26,15.64,16.81,16.65,18.90,18.81
2024-02-08 09:45:22,49.92,50.05,49.43,51.53,45.32,46.34,39.81,45.55,15.65,15.52,16.17,15.33,16.80,16.67,18.98,18.89
2024-02-08 09:47:27,50.13,50.26,49.62,52.09,45.35,46.36,39.52,45.53,15.56,15.47,16.07,15.11,16.80,16.62,19.07,18.86
2024-02-08 09:49:32,50.35,50.42,50.01,52.78,45.31,46.47,39.77,45.53,15.43,15.35,15.86,14.82,16.73,16.53,18.88,18.77
2024-02-08 09:51:37,50.98,50.97,51.32,54.50,45.66,47.01,40.72,46.10,15.35,15.25,15.74,14.74,16.68,16.43,18.71,18.70
2024-02-08 09:53:42,52.07,52.14,51.39,53.79,46.74,48.08,41.17,46.81,15.34,15.20,15.98,15.27,16.60,16.40,18.82,18.77
2024-02-08 09:55:47,51.98,52.22,50.56,52.01,46.83,48.19,40.86,46.40,15.37,15.23,16.28,15.80,16.60,16.34,18.93,18.90
2024-02-08 09:57:52,50.71,50.98,50.06,50.93,46.98,47.74,40.78,46.24,15.90,15.78,16.52,16.25,16.61,16.64,19.05,19.05
2024-02-08 09:59:57,49.99,50.34,49.52,50.02,46.89,47.19,40.59,46.11,16.10,15.93,16.73,16.57,16.69,16.80,19.11,19.10
2024-02-08 10:02:02,50.00,50.46,49.08,49.55,46.87,47.30,40.45,46.05,16.10,15.90,16.81,16.57,16.70,16.78,19.20,19.10
2024-02-08 10:04:07,50.06,50.42,49.17,50.50,46.62,47.04,40.18,45.86,16.00,15.81,16.66,16.10,16.70,16.80,19.20,19.10
2024-02-08 10:06:12,50.16,50.40,49.30,51.25,46.32,46.87,40.18,45.60,15.88,15.74,16.56,15.76,16.78,16.80,19.12,19.17
2024-02-08 10:08:17,50.40,50.49,49.44,51.93,46.11,46.79,39.92,45.55,15.72,15.62,16.39,15.43,16.78,16.70,19.17,19.07
2024-02-08 10:10:22,50.64,50.75,49.76,52.57,45.98,46.92,40.08,45.82,15.55,15.45,16.18,15.12,16.70,16.58,18.96,18.85
2024-02-08 10:12:27,50.83,50.94,50.15,53.22,45.98,47.09,40.48,46.04,15.43,15.32,15.97,14.85,16.67,16.45,18.69,18.72
2024-02-08 10:14:32,51.68,51.80,50.61,53.37,46.83,48.01,40.87,46.48,15.58,15.50,16.03,15.10,16.66,16.50,18.82,18.79
2024-02-08 10:16:37,50.02,50.00,49.88,51.58,46.62,47.02,40.57,46.17,16.15,16.14,16.34,15.73,16.73,16.90,18.96,18.90
2024-02-08 10:18:42,48.11,48.02,49.72,51.54,46.03,45.79,40.41,45.99,16.71,16.74,16.27,15.54,16.87,17.26,18.88,18.87
2024-02-08 10:20:47,46.59,46.39,49.90,52.15,45.51,44.82,40.50,46.08,17.23,17.25,16.17,15.30,17.04,17.56,18.81,18.81
2024-02-08 10:22:52,46.02,45.91,49.96,52.58,44.93,44.12,40.44,45.87,17.27,17.26,16.09,15.09,17.20,17.70,18.81,18.90
2024-02-08 10:24:57,46.25,46.23,50.11,53.13,44.53,44.05,40.47,45.79,17.09,17.05,15.99,14.89,17.30,17.65,18.75,18.86
2024-02-08 10:27:02,46.83,46.85,50.46,53.73,44.29,44.24,40.58,46.01,16.77,16.68,15.83,14.68,17.30,17.44,18.62,18.67
2024-02-08 10:29:07,48.23,48.12,52.07,55.32,44.72,45.23,41.79,47.23,16.45,16.36,15.83,14.87,17.27,17.21,18.50,18.45
2024-02-08 10:31:12,49.15,49.18,51.17,53.12,45.24,46.09,41.57,47.55,16.24,16.15,16.08,15.47,17.17,17.03,18.61,18.40
2024-02-08 10:33:17,48.83,48.79,50.34,51.54,45.45,46.10,41.22,47.35,16.45,16.42,16.31,15.93,17.10,17.11,18.78,18.50
2024-02-08 10:35:22,47.67,47.57,49.54,50.23,45.12,45.22,40.58,46.89,16.75,16.75,16.61,16.37,17.19,17.38,19.02,18.68
2024-02-08 10:37:27,47.75,47.80,48.68,49.04,44.86,45.10,40.00,46.33,16.60,16.50,16.85,16.73,17.20,17.30,19.20,18.80
2024-02-08 10:39:32,48.08,48.27,48.07,48.22,44.81,45.36,39.75,46.20,16.39,16.27,16.97,16.88,17.16,17.12,19.18,18.78
2024-02-08 10:41:37,48.57,48.68,48.24,49.04,44.78,45.61,39.95,46.13,16.15,16.03,16.77,16.37,17.10,16.95,19.00,18.71
2024-02-08 10:43:42,49.18,49.24,48.68,50.05,45.05,46.07,40.33,46.29,16.01,15.93,16.56,15.96,17.00,16.84,18.82,18.63
2024-02-08 10:45:47,48.21,48.16,49.00,51.01,45.12,45.55,40.40,46.16,16.46,16.47,16.42,15.60,17.05,17.17,18.83,18.76
2024-02-08 10:47:52,46.68,46.48,49.13,51.61,44.68,44.39,40.10,45.67,17.04,17.08,16.40,15.42,17.25,17.62,18.94,18.97
2024-02-08 10:49:57,45.40,45.14,49.27,52.17,44.18,43.47,39.97,45.33,17.52,17.59,16.27,15.18,17.44,17.94,19.00,19.09
2024-02-08 10:52:02,44.94,44.69,49.67,52.80,43.68,43.02,39.94,45.38,17.55,17.58,16.11,14.97,17.59,17.99,18.96,18.98
2024-02-08 10:54:07,45.57,45.46,50.22,53.39,43.59,43.40,40.23,45.67,17.24,17.20,15.93,14.80,17.59,17.79,18.81,18.85
2024-02-08 10:56:12,46.39,46.25,50.15,52.57,43.71,43.94,40.38,45.95,16.95,16.91,16.10,15.28,17.54,17.60,18.87,18.82
2024-02-08 10:58:17,47.03,46.92,49.23,50.79,43.81,44.24,39.82,45.71,16.69,16.66,16.39,15.83,17.50,17.46,19.06,18.90
2024-02-08 11:00:22,47.85,47.62,49.48,51.31,44.01,44.70,40.11,45.92,16.40,16.39,16.26,15.56,17.41,17.29,18.88,18.81
2024-02-08 11:02:27,48.11,47.93,49.89,51.96,44.46,45.17,40.53,46.28,16.47,16.51,16.16,15.35,17.36,17.27,18.80,18.71
2024-02-08 11:04:32,47.41,47.02,50.44,52.92,44.50,44.77,40.72,46.61,16.76,16.85,15.99,15.06,17.40,17.48,18.79,18.63
2024-02-08 11:06:37,47.62,47.39,50.70,53.49,44.47,44.76,40.81,46.60,16.64,16.66,15.91,14.91,17.40,17.45,18.73,18.68
2024-02-08 11:08:42,48.01,47.83,50.85,53.86,44.45,44.90,40.64,46.50,16.51,16.48,15.89,14.80,17.40,17.40,18.85,18.71
2024-02-08 11:10:47,48.89,48.72,52.09,55.34,44.87,45.46,41.23,46.93,16.39,16.33,15.98,15.01,17.40,17.30,18.96,18.84
2024-02-08 11:12:52,49.83,49.79,51.38,53.43,45.47,46.32,41.09,47.02,16.27,16.21,16.27,15.63,17.38,17.23,19.16,18.96
2024-02-08 11:14:57,50.24,50.33,50.70,51.97,45.77,46.77,40.94,46.97,16.19,16.06,16.52,16.13,17.30,17.12,19.20,19.00
2024-02-08 11:17:02,50.70,50.89,50.26,50.90,46.16,47.32,41.04,47.01,16.10,15.97,16.78,16.54,17.25,17.01,19.27,19.01
2024-02-08 11:19:07,51.02,51.25,50.00,50.75,46.38,47.58,41.07,47.01,16.03,15.88,16.78,16.47,17.19,16.92,19.20,19.07
2024-02-08 11:21:12,51.23,51.44,50.43,51.69,46.46,47.77,41.17,47.07,15.91,15.77,16.56,16.03,17.10,16.82,19.10,18.96
2024-02-08 11:23:17,51.24,51.37,50.60,52.38,46.41,47.67,41.17,46.92,15.87,15.74,16.44,15.75,17.06,16.80,19.08,19.00
2024-02-08 11:25:22,51.20,51.40,50.78,52.91,46.41,47.59,41.00,46.77,15.80,15.71,16.32,15.50,17.02,16.80,19.10,19.00
2024-02-08 11:27:27,51.39,51.53,51.22,53.61,46.50,47.74,41.20,46.88,15.74,15.67,16.15,15.28,17.00,16.72,19.00,18.95
2024-02-08 11:29:32,51.57,51.62,51.60,54.22,46.60,47.88,41.46,47.11,15.70,15.60,16.10,15.17,16.93,16.70,18.90,18.87
2024-02-08 11:31:37,51.62,51.78,50.82,52.71,46.72,47.92,41.15,46.83,15.70,15.60,16.46,15.81,16.90,16.70,19.12,19.05
2024-02-08 11:33:42,51.58,51.79,50.03,51.54,46.70,47.87,40.78,46.40,15.70,15.60,16.66,16.06,16.90,16.70,19.23,19.20
2024-02-08 11:35:47,51.72,51.85,50.37,52.20,46.79,47.97,40.99,46.46,15.70,15.58,16.48,15.77,16.90,16.70,19.11,19.11
2024-02-08 11:37:52,51.88,52.06,50.69,52.86,46.93,48.15,40.15,46.52,15.67,15.54,16.40,15.62,16.90,16.70,19.68,19.18
2024-02-08 11:39:57,52.16,52.31,50.94,53.27,47.09,48.36,40.14,46.54,15.60,15.50,16.36,15.50,16.89,16.61,19.57,19.17
2024-02-08 11:42:02,52.38,52.53,51.23,53.59,47.21,48.48,40.73,46.70,15.51,15.41,16.23,15.38,16.80,16.59,19.24,19.10
2024-02-08 11:44:07,52.50,52.62,51.62,54.08,47.32,48.58,41.13,46.85,15.50,15.40,16.07,15.20,16.80,16.50,19.03,19.00
2024-02-08 11:46:12,52.87,52.98,52.23,54.77,47.53,48.82,41.75,47.14,15.43,15.35,15.95,15.09,16.71,16.50,18.82,18.93
2024-02-08 11:48:17,53.47,53.50,53.50,55.93,48.62,49.73,43.27,48.28,15.78,15.72,16.03,15.31,16.73,16.68,18.75,18.92
2024-02-08 11:50:22,51.51,51.55,52.39,53.85,48.44,48.55,42.66,47.84,16.42,16.40,16.32,15.89,16.86,17.12,18.95,19.07
2024-02-08 11:52:27,49.49,49.59,51.38,52.26,47.72,47.14,41.93,47.30,16.95,16.91,16.62,16.32,17.03,17.52,19.16,19.19
2024-02-08 11:54:32,49.22,49.41,50.63,51.18,47.33,46.77,41.71,47.04,16.95,16.84,16.84,16.68,17.10,17.52,19.20,19.29
2024-02-08 11:56:37,49.30,49.51,50.28,50.77,47.07,46.83,41.51,47.01,16.83,16.73,16.88,16.65,17.20,17.43,19.20,19.18
2024-02-08 11:58:42,49.72,49.82,50.56,51.56,46.83,46.87,41.70,47.18,16.59,16.50,16.65,16.24,17.20,17.34,19.02,19.05
2024-02-08 12:00:47,50.23,50.26,50.92,52.36,46.72,47.03,41.84,47.42,16.33,16.26,16.43,15.88,17.13,17.19,18.90,18.88
2024-02-08 12:02:52,50.79,50.64,51.40,53.24,46.82,47.26,42.21,47.71,16.15,16.15,16.24,15.56,17.10,17.10,18.72,18.80
2024-02-08 12:04:57,51.17,50.96,51.63,53.72,46.78,47.32,42.11,47.75,16.00,16.03,16.14,15.38,17.10,17.09,18.79,18.76
2024-02-08 12:07:02,51.43,51.17,52.15,54.42,46.73,47.41,42.23,47.96,15.85,15.88,15.95,15.15,17.07,16.98,18.66,18.59
2024-02-08 12:09:07,51.74,51.58,52.05,53.83,46.80,47.71,42.40,48.28,15.80,15.75,16.08,15.50,17.00,16.88,18.65,18.52
2024-02-08 12:11:12,51.89,51.92,51.31,52.45,46.98,47.94,42.17,48.16,15.72,15.65,16.35,15.93,16.98,16.80,18.72,18.60
2024-02-08 12:13:17,52.18,52.17,51.48,52.80,47.19,48.16,42.36,48.15,15.67,15.60,16.22,15.70,16.90,16.77,18.62,18.60
2024-02-08 12:15:22,52.28,52.31,51.78,53.28,47.31,48.25,42.58,48.20,15.62,15.57,16.07,15.48,16.89,16.71,18.50,18.57
2024-02-08 12:17:27,52.44,52.41,52.21,54.09,47.45,48.37,42.90,48.41,15.60,15.50,15.95,15.24,16.80,16.70,18.43,18.50
2024-02-08 12:19:32,52.53,52.50,52.34,54.54,47.57,48.31,42.72,48.39,15.60,15.56,15.90,15.12,16.81,16.78,18.51,18.54
2024-02-08 12:21:37,52.95,52.86,53.78,56.30,47.79,48.57,43.33,48.96,15.60,15.58,15.94,15.19,16.83,16.80,18.66,18.60
2024-02-08 12:23:42,53.42,53.54,53.07,54.70,48.27,49.15,43.19,49.12,15.60,15.50,16.17,15.67,16.80,16.72,18.75,18.60
2024-02-08 12:25:47,53.25,53.55,52.05,53.02,48.23,49.21,42.75,48.79,15.60,15.45,16.42,16.13,16.80,16.68,18.85,18.68
2024-02-08 12:27:52,53.05,53.60,51.32,51.79,48.23,49.28,42.38,48.57,15.65,15.40,16.68,16.51,16.79,16.61,18.97,18.70
2024-02-08 12:29:57,53.04,53.60,50.80,51.13,48.35,49.37,42.18,48.43,15.70,15.43,16.82,16.65,16.80,16.61,19.06,18.79
2024-02-08 12:32:02,53.01,53.47,50.82,51.63,48.28,49.18,42.23,48.24,15.70,15.50,16.72,16.38,16.79,16.70,18.97,18.81
2024-02-08 12:34:07,53.21,53.63,51.30,52.53,48.45,49.32,42.62,48.44,15.62,15.50,16.56,16.07,16.80,16.67,18.82,18.78
2024-02-08 12:36:12,53.34,53.68,51.86,53.44,48.48,49.44,42.87,48.66,15.60,15.50,16.37,15.74,16.80,16.61,18.73,18.68
2024-02-08 12:38:17,53.44,53.62,52.33,54.18,48.38,49.43,42.95,48.95,15.55,15.41,16.16,15.48,16.80,16.60,18.65,18.54
2024-02-08 12:40:22,53.40,53.53,52.68,54.78,48.28,49.36,43.07,48.98,15.50,15.45,16.00,15.25,16.80,16.60,18.60,18.52
2024-02-08 12:42:27,53.31,53.40,52.76,55.17,48.13,49.15,42.84,48.71,15.50,15.43,15.96,15.08,16.80,16.62,18.67,18.60
2024-02-08 12:44:32,53.24,53.34,52.98,55.47,47.88,49.01,42.87,48.58,15.50,15.40,15.93,15.08,16.82,16.65,18.64,18.61
2024-02-08 12:46:37,53.27,53.45,52.33,54.02,47.85,49.09,42.62,48.52,15.50,15.38,16.18,15.63,16.88,16.60,18.78,18.66
2024-02-08 12:48:42,53.22,53.51,51.91,53.16,48.00,49.32,42.56,48.51,15.60,15.45,16.28,15.82,16.83,16.61,18.75,18.70
2024-02-08 12:50:47,51.89,51.95,52.24,53.84,47.98,48.67,42.77,48.53,16.10,16.07,16.21,15.62,16.94,16.94,18.75,18.74
2024-02-08 12:52:52,51.35,51.40,52.25,54.14,47.55,47.99,42.56,48.25,16.20,16.13,16.17,15.48,17.08,17.09,18.79,18.80
2024-02-08 12:54:57,51.60,51.70,52.66,54.84,47.48,48.18,42.97,48.33,16.07,16.02,16.03,15.22,17.10,16.98,18.58,18.80
2024-02-08 12:57:02,52.06,52.04,53.56,55.98,47.47,48.50,43.54,48.68,15.94,15.91,15.83,15.03,17.10,16.88,18.42,18.64
2024-02-08 12:59:07,53.32,53.15,55.12,57.54,48.17,49.48,45.06,50.02,15.85,15.82,15.90,15.25,17.10,16.81,18.40,18.60
2024-02-08 13:01:12,53.79,53.68,54.04,55.52,48.69,49.99,44.69,49.90,15.87,15.80,16.25,15.80,17.10,16.81,18.57,18.75
2024-02-08 13:03:17,53.73,53.68,53.03,53.95,48.65,49.88,44.10,49.20,15.89,15.80,16.62,16.31,17.10,16.90,18.78,19.01
2024-02-08 13:05:22,53.70,53.70,51.79,52.37,48.56,49.78,43.45,48.53,15.90,15.80,16.98,16.76,17.13,16.90,19.02,19.23
2024-02-08 13:07:27,53.63,53.66,51.43,52.23,48.37,49.68,43.23,48.16,15.83,15.79,16.98,16.65,17.17,16.90,18.99,19.28
2024-02-08 13:09:32,53.93,53.96,51.90,53.16,48.61,50.01,43.79,48.50,15.80,15.73,16.81,16.28,17.13,16.84,18.77,19.18
2024-02-08 13:11:37,54.19,54.18,52.57,54.23,48.81,50.25,44.35,48.95,15.77,15.70,16.60,15.94,17.10,16.80,18.57,19.03
2024-02-08 13:13:42,54.23,54.13,53.03,55.03,48.76,50.18,44.73,49.15,15.70,15.70,16.39,15.66,17.10,16.80,18.39,18.88
2024-02-08 13:15:47,54.24,54.10,53.43,55.71,48.70,50.14,44.91,49.47,15.67,15.67,16.23,15.43,17.07,16.77,18.28,18.75
2024-02-08 13:17:52,54.36,54.20,53.93,56.48,48.72,50.21,45.18,49.60,15.60,15.60,16.05,15.19,17.00,16.70,18.18,18.66
2024-02-08 13:19:57,54.69,54.53,54.08,56.19,48.93,50.45,45.42,49.95,15.55,15.53,16.18,15.49,16.99,16.65,18.24,18.65
2024-02-08 13:22:02,54.58,54.55,53.02,54.32,49.00,50.43,44.66,49.60,15.57,15.52,16.45,15.97,16.92,16.65,18.47,18.75
2024-02-08 13:24:07,54.49,54.37,52.82,54.36,48.84,50.16,44.25,49.13,15.53,15.50,16.38,15.82,16.95,16.70,18.53,18.84
2024-02-08 13:26:12,54.46,54.42,53.11,54.83,48.75,50.10,44.07,49.20,15.49,15.48,16.22,15.57,16.91,16.67,18.53,18.73
2024-02-08 13:28:17,54.52,54.47,53.43,55.43,48.73,50.13,44.13,49.34,15.40,15.40,16.07,15.35,16.90,16.60,18.45,18.65
2024-02-08 13:30:22,54.60,54.48,53.67,55.93,48.74,50.13,44.25,49.40,15.38,15.40,15.95,15.17,16.90,16.60,18.40,18.62
2024-02-08 13:32:27,54.59,54.45,53.78,56.25,48.70,50.06,44.32,49.38,15.35,15.40,15.90,15.02,16.90,16.60,18.33,18.61
2024-02-08 13:34:32,54.64,54.43,54.64,57.53,48.62,49.92,44.39,49.39,15.32,15.38,15.80,14.91,16.90,16.60,18.45,18.67
2024-02-08 13:36:37,55.80,55.48,56.48,59.37,49.37,50.88,45.74,50.78,15.33,15.30,15.90,15.22,16.90,16.57,18.56,18.62
2024-02-08 13:38:42,57.42,57.44,55.69,57.45,51.38,52.92,45.88,51.34,15.67,15.62,16.18,15.68,16.90,16.68,18.71,18.72
2024-02-08 13:40:47,55.62,55.68,55.08,56.11,51.62,52.13,45.51,51.23,16.35,16.32,16.47,16.12,17.00,17.15,18.96,18.91
2024-02-08 13:42:52,53.18,53.27,54.31,55.02,50.79,50.45,44.86,50.54,16.93,16.90,16.74,16.52,17.18,17.53,19.17,19.16
2024-02-08 13:44:57,52.23,52.41,53.74,54.53,49.96,49.57,44.36,49.93,17.00,16.87,16.76,16.44,17.30,17.60,19.19,19.19
2024-02-08 13:47:02,52.18,52.36,53.84,55.24,49.48,49.38,44.34,49.84,16.88,16.76,16.58,16.06,17.35,17.52,19.04,19.10
2024-02-08 13:49:07,52.32,52.53,54.08,55.81,49.19,49.34,44.49,49.85,16.70,16.60,16.40,15.74,17.40,17.46,18.86,19.02
2024-02-08 13:51:12,52.54,52.59,54.29,56.45,48.86,49.22,44.62,49.90,16.50,16.45,16.22,15.45,17.39,17.37,18.69,18.87
2024-02-08 13:53:17,52.92,52.86,54.59,56.97,48.71,49.36,44.96,50.03,16.31,16.30,16.04,15.18,17.33,17.27,18.48,18.77
2024-02-08 13:55:22,53.24,53.16,55.21,57.79,48.72,49.53,45.32,50.36,16.20,16.20,15.91,15.07,17.30,17.20,18.40,18.63
2024-02-08 13:57:27,53.82,53.71,55.17,57.12,49.08,49.96,45.75,50.85,16.14,16.12,16.13,15.54,17.30,17.15,18.41,18.67
2024-02-08 13:59:32,53.82,53.85,54.06,55.25,49.04,49.99,45.27,50.55,16.08,16.05,16.37,15.95,17.30,17.10,18.50,18.70
2024-02-08 14:01:37,53.81,53.85,54.06,55.47,48.89,49.87,45.22,50.33,16.00,15.98,16.23,15.70,17.24,17.07,18.38,18.70
2024-02-08 14:03:42,53.83,53.87,54.10,55.77,48.78,49.85,45.42,50.16,15.92,15.90,16.14,15.51,17.20,17.00,18.22,18.66
2024-02-08 14:05:47,53.92,53.95,54.41,56.37,48.80,49.87,45.75,50.22,15.90,15.84,15.99,15.26,17.20,16.99,18.05,18.58
2024-02-08 14:07:52,54.17,54.15,54.73,56.95,49.00,50.03,46.06,50.35,15.85,15.81,15.88,15.10,17.12,16.94,17.94,18.57
2024-02-08 14:09:57,55.00,54.86,57.74,60.62,49.58,50.73,48.21,51.83,15.84,15.80,15.89,15.17,17.10,16.91,17.93,18.57
2024-02-08 14:12:02,55.85,55.79,57.14,59.07,50.52,51.67,48.27,52.38,15.90,15.81,16.13,15.64,17.10,16.90,18.09,18.60
2024-02-08 14:14:07,55.70,55.82,55.70,56.81,50.58,51.67,47.37,51.72,15.90,15.80,16.41,16.11,17.10,16.90,18.25,18.71
2024-02-08 14:16:12,55.33,55.66,54.85,54.89,50.54,51.39,46.68,51.49,16.05,15.88,16.86,16.88,17.10,17.06,18.55,18.93
2024-02-08 14:18:17,55.36,55.68,53.01,52.03,50.72,50.47,45.76,50.41,16.15,16.02,17.52,17.87,17.20,17.55,19.03,19.43
2024-02-08 14:20:22,55.08,55.54,51.31,50.17,50.52,49.18,44.78,49.42,16.32,16.13,18.12,18.48,17.36,18.13,19.46,19.78
2024-02-08 14:22:27,54.71,55.30,50.37,50.06,50.07,47.52,44.23,49.02,16.42,16.20,18.30,18.27,17.56,18.74,19.60,19.79
2024-02-08 14:24:32,54.26,54.89,49.49,50.88,49.37,45.96,43.83,48.68,16.50,16.29,18.15,17.34,17.78,19.30,19.54,19.53
2024-02-08 14:26:37,53.98,54.64,49.41,51.98,48.73,44.57,43.77,48.84,16.59,16.35,17.85,16.46,18.01,19.81,19.41,19.15
2024-02-08 14:28:42,53.68,54.31,50.88,55.05,48.06,43.32,44.26,50.12,16.68,16.46,17.51,15.78,18.24,20.31,19.26,18.79
2024-02-08 14:30:47,53.63,54.07,51.61,55.61,47.41,42.23,44.24,51.02,16.70,16.52,17.35,15.94,18.52,20.78,19.38,18.78
2024-02-08 14:32:52,53.57,53.92,50.57,53.53,46.82,41.33,43.43,49.70,16.75,16.62,17.53,16.42,18.78,21.18,19.64,19.10
2024-02-08 14:34:57,53.19,53.55,50.52,53.74,46.11,40.34,43.07,49.57,16.83,16.71,17.54,16.19,19.02,21.58,19.78,19.06
2024-02-08 14:37:02,52.93,53.26,50.87,54.97,45.49,39.54,42.78,49.93,16.90,16.78,17.35,15.74,19.24,21.89,19.88,18.82
2024-02-08 14:39:07,52.73,53.05,51.10,55.70,44.94,38.91,42.49,50.22,16.90,16.80,17.13,15.31,19.40,22.17,19.93,18.57
2024-02-08 14:41:12,52.72,52.99,53.72,60.48,44.56,38.37,42.74,52.53,16.97,16.84,16.93,15.03,19.56,22.42,20.02,18.34
2024-02-08 14:43:17,52.84,53.06,56.89,63.02,44.54,38.36,43.45,55.07,17.00,16.90,16.89,15.35,19.65,22.50,20.12,18.34
2024-02-08 14:45:22,52.97,53.16,54.76,58.86,44.65,38.41,42.98,53.23,17.04,16.96,16.93,15.73,19.70,22.55,20.21,18.50
2024-02-08 14:47:27,52.80,53.03,52.97,55.87,44.55,38.04,42.40,51.68,17.10,17.00,17.05,16.16,19.70,22.72,20.30,18.70
2024-02-08 14:49:32,52.57,52.74,52.07,54.28,44.28,37.57,41.83,50.77,17.10,17.00,17.17,16.48,19.70,22.88,20.43,18.84
2024-02-08 14:51:37,52.42,52.52,51.62,53.30,44.10,37.08,41.59,50.38,17.10,17.00,17.29,16.73,19.75,23.06,20.51,18.96
2024-02-08 14:53:42,52.24,52.34,51.31,52.71,43.95,36.71,41.22,49.93,17.10,17.03,17.38,16.92,19.79,23.19,20.59,19.07
2024-02-08 14:55:47,52.05,52.13,50.92,52.08,43.71,36.24,40.92,49.52,17.09,17.00,17.48,17.08,19.76,23.36,20.64,19.19
2024-02-08 14:57:52,51.98,52.12,50.41,51.45,43.59,35.80,40.69,49.08,17.02,16.99,17.59,17.22,19.70,23.54,20.72,19.30
2024-02-08 14:59:57,52.08,52.19,50.31,51.16,43.63,35.51,40.52,49.07,17.00,16.94,17.65,17.33,19.70,23.65,20.79,19.31
2024-02-08 15:02:02,52.05,52.24,49.98,50.78,43.68,35.24,40.44,48.77,17.01,16.90,17.71,17.43,19.70,23.78,20.80,19.40
2024-02-08 15:04:07,52.32,52.57,49.94,50.68,43.97,35.24,40.45,48.67,17.08,16.96,17.80,17.50,19.70,23.88,20.89,19.47
2024-02-08 15:06:12,52.24,52.56,49.82,50.53,44.09,35.21,40.39,48.69,17.17,17.00,17.84,17.59,19.70,23.92,20.98,19.50
2024-02-08 15:08:17,52.11,52.40,49.74,50.45,44.01,35.04,40.11,48.52,17.16,17.00,17.92,17.65,19.70,24.00,21.05,19.58
2024-02-08 15:10:22,52.14,52.34,49.47,50.20,43.92,34.73,40.04,48.26,17.10,17.00,18.00,17.70,19.70,24.15,21.09,19.65
2024-02-08 15:12:27,52.11,52.37,49.18,49.97,43.99,34.53,39.96,47.89,17.17,17.06,18.01,17.60,19.70,24.28,21.12,19.69
2024-02-08 15:14:32,52.12,52.39,49.12,51.15,44.04,34.63,39.93,47.90,17.20,17.09,17.84,16.84,19.70,24.21,21.11,19.46
2024-02-08 15:16:37,51.88,52.17,49.57,52.84,43.86,34.58,39.83,48.42,17.21,17.10,17.59,16.13,19.77,24.17,21.07,19.16
2024-02-08 15:18:42,51.61,51.97,50.05,54.21,43.66,34.58,39.65,48.83,17.20,17.10,17.33,15.62,19.78,24.09,21.03,18.86
2024-02-08 15:20:47,51.38,51.71,53.88,59.29,43.43,34.51,40.46,52.44,17.21,17.10,17.12,15.32,19.78,24.01,21.00,18.62
2024-02-08 15:22:52,51.63,51.93,58.38,63.14,43.60,34.78,41.99,56.32,17.20,17.10,17.08,15.58,19.75,24.01,21.01,18.72
2024-02-08 15:24:57,52.32,52.53,56.53,60.16,44.14,35.08,41.79,54.22,17.20,17.09,17.16,15.94,19.70,24.10,21.10,19.01
2024-02-08 15:27:02,52.64,52.84,53.88,57.40,44.41,35.15,41.06,51.78,17.20,17.10,17.16,15.84,19.71,24.10,21.09,19.03
2024-02-08 15:29:07,52.66,52.78,52.80,56.74,44.34,35.19,40.62,50.87,17.18,17.10,17.04,15.50,19.76,24.00,21.07,18.83
2024-02-08 15:31:12,52.52,52.63,52.22,56.66,44.13,35.31,40.30,50.43,17.12,17.10,16.88,15.09,19.79,23.88,21.00,18.59
2024-02-08 15:33:17,52.43,52.47,54.26,60.38,43.96,35.31,40.72,52.27,17.10,17.10,16.70,14.83,19.80,23.82,20.95,18.38
2024-02-08 15:35:22,52.65,52.65,58.68,64.98,44.13,35.32,41.95,55.97,17.10,17.10,16.62,15.08,19.80,23.95,20.94,18.41
2024-02-08 15:37:27,52.89,52.92,56.76,61.29,44.40,35.28,41.53,54.13,17.10,17.10,16.69,15.53,19.78,24.07,21.00,18.53
2024-02-08 15:39:32,53.00,52.97,54.45,57.40,44.39,35.05,41.00,52.24,17.10,17.05,16.80,15.95,19.72,24.18,21.01,18.68
2024-02-08 15:41:37,52.87,52.91,53.32,55.34,44.34,34.75,40.56,51.19,17.10,17.02,16.96,16.34,19.70,24.29,21.10,18.88
2024-02-08 15:43:42,52.82,52.82,52.62,54.11,44.29,34.49,40.30,50.66,17.10,17.07,17.12,16.67,19.70,24.40,21.19,19.02
2024-02-08 15:45:47,52.67,52.69,51.87,53.01,44.15,34.23,39.98,50.00,17.10,17.08,17.27,16.91,19.70,24.50,21.20,19.13
2024-02-08 15:47:52,52.54,52.57,51.42,52.35,44.04,33.93,39.83,49.66,17.10,17.01,17.41,17.12,19.70,24.60,21.21,19.22
2024-02-08 15:49:57,52.52,52.53,50.91,51.70,44.01,33.79,39.69,49.26,17.10,17.07,17.55,17.27,19.75,24.68,21.30,19.33
2024-02-08 15:52:02,52.54,52.58,50.52,51.25,44.03,33.83,39.66,48.96,17.10,17.10,17.68,17.41,19.80,24.70,21.31,19.40
2024-02-08 15:54:07,52.60,52.59,50.23,50.99,44.00,33.91,39.62,48.87,17.10,17.10,17.79,17.52,19.82,24.63,21.35,19.50
2024-02-08 15:56:12,52.53,52.52,49.94,50.88,43.91,33.89,39.67,48.66,17.17,17.10,17.81,17.30,19.88,24.69,21.37,19.44
2024-02-08 15:58:17,52.32,52.38,49.78,52.03,43.74,33.75,39.44,48.69,17.20,17.10,17.63,16.52,19.90,24.68,21.30,19.14
2024-02-08 16:00:22,52.04,52.12,50.28,53.48,43.44,33.74,39.33,49.01,17.20,17.10,17.42,15.83,19.90,24.57,21.30,18.82
2024-02-08 16:02:27,51.86,51.92,50.39,54.84,43.25,33.73,38.98,49.42,17.20,17.10,17.19,15.29,19.91,24.47,21.22,18.51
2024-02-08 16:04:32,51.83,51.89,57.34,63.33,43.16,33.91,41.24,56.30,17.19,17.10,17.00,15.23,19.90,24.35,21.23,18.42
2024-02-08 16:06:37,52.58,52.65,59.18,63.79,43.77,34.55,41.92,57.18,17.12,17.09,17.09,15.61,19.90,24.30,21.30,18.62
2024-02-08 16:08:42,53.17,53.29,56.11,59.86,44.32,35.07,41.38,54.50,17.13,17.06,17.20,15.87,19.89,24.20,21.38,18.80
2024-02-08 16:10:47,53.31,53.39,53.83,57.93,44.46,35.38,40.57,52.36,17.10,17.10,17.12,15.64,19.82,24.05,21.34,18.75
2024-02-08 16:12:52,53.31,53.40,53.20,57.45,44.52,35.40,40.23,51.60,17.10,17.10,17.04,15.35,19.83,24.01,21.31,18.57
2024-02-08 16:14:57,53.12,53.28,52.75,57.43,44.42,35.47,39.88,51.29,17.19,17.10,16.89,14.97,19.89,23.92,21.30,18.32
2024-02-08 16:17:02,52.89,53.07,55.98,63.60,44.21,35.46,40.74,54.63,17.20,17.10,16.79,14.86,19.90,23.89,21.20,18.12
2024-02-08 16:19:07,53.14,53.23,58.32,64.92,44.43,35.57,41.63,56.58,17.20,17.10,16.80,15.22,19.83,23.91,21.20,18.22
2024-02-08 16:21:12,53.50,53.56,56.57,61.13,44.75,35.75,41.28,54.91,17.20,17.10,16.82,15.61,19.81,23.96,21.28,18.38
2024-02-08 16:23:17,53.48,53.52,54.47,57.50,44.76,35.61,40.74,53.07,17.20,17.10,16.95,16.07,19.80,24.03,21.32,18.57
2024-02-08 16:25:22,53.15,53.24,53.17,55.29,44.53,35.28,40.25,51.93,17.20,17.10,17.12,16.46,19.80,24.13,21.40,18.76
2024-02-08 16:27:27,52.87,52.99,52.38,53.90,44.28,34.95,39.95,51.17,17.20,17.10,17.26,16.76,19.80,24.23,21.40,18.88
2024-02-08 16:29:32,52.61,52.72,51.66,52.93,44.05,34.50,39.67,50.48,17.20,17.10,17.41,16.99,19.80,24.35,21.40,19.03
2024-02-08 16:31:37,52.45,52.56,51.07,52.10,43.90,34.27,39.39,50.07,17.19,17.10,17.55,17.18,19.81,24.40,21.48,19.12
2024-02-08 16:33:42,52.33,52.41,50.68,51.57,43.73,34.04,39.20,49.66,17.17,17.10,17.66,17.33,19.81,24.53,21.50,19.24
2024-02-08 16:35:47,52.19,52.36,50.72,51.14,43.74,33.73,38.85,49.69,17.27,17.17,17.78,17.49,19.88,24.78,21.92,19.38
2024-02-08 16:37:52,52.39,52.62,50.13,51.11,43.89,33.63,38.40,48.99,17.30,17.20,17.90,17.38,19.98,24.96,22.03,19.50
2024-02-08 16:39:57,52.49,52.72,49.97,52.22,43.93,33.62,38.53,48.82,17.30,17.20,17.78,16.60,20.00,24.93,21.88,19.33
2024-02-08 16:42:02,52.50,52.78,50.31,53.65,43.92,33.66,38.55,48.82,17.30,17.20,17.57,15.95,20.00,24.88,21.75,19.03
2024-02-08 16:44:07,52.44,52.68,50.58,54.92,43.84,33.78,38.78,49.49,17.30,17.20,17.42,15.42,20.00,24.77,21.60,18.74
2024-02-08 16:46:12,52.32,52.59,56.52,63.24,43.80,33.82,40.58,55.50,17.30,17.20,17.23,15.22,20.00,24.72,21.60,18.59
2024-02-08 16:48:17,52.93,53.15,59.82,65.08,44.36,34.33,42.06,57.88,17.32,17.20,17.28,15.65,19.98,24.78,21.67,18.79
2024-02-08 16:50:22,53.58,53.81,56.56,60.73,44.98,34.72,41.31,54.87,17.37,17.22,17.39,15.94,19.93,24.81,21.70,19.06
2024-02-08 16:52:27,53.81,54.09,54.39,58.70,45.24,34.73,40.67,52.68,17.40,17.30,17.34,15.73,19.99,24.90,21.70,19.02
2024-02-08 16:54:32,53.74,54.03,53.45,58.11,45.19,34.57,40.27,51.79,17.40,17.30,17.24,15.39,20.00,24.92,21.66,18.87
2024-02-08 16:56:37,53.11,53.34,52.50,57.61,44.61,34.32,39.78,51.07,17.40,17.30,17.12,15.03,20.00,24.80,21.56,18.62
2024-02-08 16:58:42,52.42,52.63,53.54,60.21,44.04,34.23,39.57,51.88,17.40,17.30,16.98,14.77,20.00,24.53,21.50,18.38
2024-02-08 17:00:47,52.33,52.52,57.77,65.92,43.96,34.54,40.80,56.10,17.40,17.30,16.90,15.00,20.00,24.40,21.50,18.34
2024-02-08 17:02:52,52.60,52.81,57.03,63.14,44.29,34.70,40.80,55.22,17.40,17.30,16.95,15.44,20.00,24.47,21.50,18.49
2024-02-08 17:04:57,52.73,52.92,54.90,59.15,44.38,34.73,40.42,53.44,17.42,17.32,17.05,15.88,20.00,24.50,21.50,18.63
2024-02-08 17:07:02,52.52,52.72,53.22,56.22,44.24,34.67,39.92,52.02,17.40,17.30,17.17,16.31,20.00,24.43,21.58,18.78
2024-02-08 17:09:07,52.32,52.47,52.18,54.37,44.08,34.65,39.53,51.05,17.40,17.30,17.35,16.65,19.94,24.32,21.60,18.93
2024-02-08 17:11:12,52.03,52.21,51.40,53.13,43.82,34.49,39.16,50.39,17.40,17.30,17.46,16.92,19.91,24.32,21.60,19.06
2024-02-08 17:13:17,51.77,51.93,50.93,52.39,43.68,34.18,38.91,49.98,17.39,17.30,17.57,17.11,19.90,24.42,21.60,19.14
2024-02-08 17:15:22,51.68,51.86,50.41,51.69,43.70,33.92,38.75,49.48,17.38,17.28,17.68,17.26,19.81,24.55,21.62,19.23
2024-02-08 17:17:27,51.68,51.80,50.08,51.19,43.69,33.73,38.72,49.23,17.34,17.30,17.80,17.38,19.80,24.60,21.60,19.30
2024-02-08 17:19:32,51.66,51.81,49.78,51.38,43.70,33.65,38.62,48.98,17.36,17.30,17.76,17.04,19.82,24.63,21.61,19.21
2024-02-08 17:21:37,51.55,51.67,49.93,52.54,43.58,33.63,38.74,49.19,17.32,17.28,17.55,16.23,19.80,24.57,21.51,18.88
2024-02-08 17:23:42,51.42,51.56,50.29,54.04,43.47,33.60,38.72,49.50,17.37,17.29,17.32,15.60,19.83,24.55,21.37,18.57
2024-02-08 17:25:47,51.38,51.48,55.49,61.27,43.38,33.75,40.41,54.74,17.40,17.30,17.14,15.28,19.90,24.45,21.30,18.41
2024-02-08 17:27:52,52.00,52.09,59.79,64.69,43.93,34.15,42.17,58.22,17.40,17.30,17.14,15.59,19.90,24.50,21.30,18.59
2024-02-08 17:29:57,52.57,52.63,57.35,61.04,44.43,34.49,41.79,55.65,17.40,17.30,17.26,15.92,19.90,24.58,21.38,18.86
2024-02-08 17:32:02,52.67,52.73,53.69,57.53,44.52,34.61,40.57,52.28,17.40,17.30,17.24,15.71,19.90,24.48,21.39,18.84
2024-02-08 17:34:07,52.40,52.48,52.46,56.62,44.24,34.56,39.90,50.86,17.40,17.30,17.09,15.32,19.90,24.40,21.30,18.63
2024-02-08 17:36:12,52.15,52.21,52.32,57.04,43.97,34.47,39.66,50.84,17.35,17.30,16.97,14.94,19.90,24.30,21.22,18.37
2024-02-08 17:38:17,52.11,52.12,56.64,64.83,43.78,34.62,40.87,55.43,17.31,17.29,16.83,14.88,19.90,24.20,21.20,18.22
2024-02-08 17:40:22,52.47,52.46,57.81,64.48,44.04,34.82,41.39,56.08,17.30,17.30,16.83,15.22,19.90,24.20,21.27,18.34
2024-02-08 17:42:27,52.69,52.64,55.61,60.17,44.19,34.88,40.87,53.92,17.30,17.27,16.91,15.66,19.90,24.24,21.25,18.52
2024-02-08 17:44:32,52.52,52.49,53.39,56.51,44.08,34.62,40.24,51.96,17.30,17.22,17.03,16.08,19.90,24.31,21.26,18.71
2024-02-08 17:46:37,52.36,52.37,52.37,54.60,43.93,34.37,39.82,50.93,17.26,17.20,17.16,16.43,19.90,24.42,21.34,18.88
2024-02-08 17:48:42,52.18,52.26,51.52,53.32,43.82,34.02,39.55,50.26,17.23,17.20,17.31,16.73,19.86,24.53,21.35,19.02
2024-02-08 17:50:47,52.14,52.23,50.98,52.48,43.76,33.78,39.41,49.82,17.22,17.20,17.45,16.97,19.82,24.64,21.35,19.10
2024-02-08 17:52:52,52.05,52.21,50.52,51.78,43.67,33.45,39.37,49.59,17.28,17.18,17.57,17.14,19.89,24.85,21.34,19.18
2024-02-08 17:54:57,51.86,52.03,50.02,51.23,43.42,33.05,39.18,49.39,17.27,17.13,17.67,17.28,19.90,24.97,21.35,19.14
2024-02-08 17:57:02,51.66,51.88,49.68,50.73,43.18,32.83,39.28,49.05,17.22,17.11,17.78,17.39,19.90,25.03,21.23,19.21
2024-02-08 17:59:07,51.62,51.85,49.53,50.94,43.12,32.74,39.34,48.88,17.20,17.10,17.76,16.93,19.90,25.00,21.17,19.08
2024-02-08 18:01:12,51.68,51.87,49.48,52.38,43.13,32.64,39.32,49.12,17.20,17.10,17.54,16.12,19.90,25.07,21.03,18.73
2024-02-08 18:03:17,51.62,51.79,49.81,53.73,43.05,32.78,39.52,49.68,17.20,17.10,17.29,15.45,19.90,24.91,20.82,18.37
2024-02-08 18:05:22,51.67,51.81,54.75,60.66,43.05,32.97,41.20,54.31,17.19,17.10,17.04,15.10,19.90,24.77,20.62,18.11
2024-02-08 18:07:27,52.34,52.49,59.06,64.42,43.68,33.56,43.43,58.33,17.19,17.10,17.00,15.37,19.85,24.72,20.60,18.17
2024-02-08 18:09:32,53.17,53.31,58.13,62.17,44.46,34.10,43.74,57.23,17.16,17.10,17.09,15.73,19.80,24.70,20.60,18.40
2024-02-08 18:11:37,53.47,53.60,54.60,58.49,44.71,34.25,42.58,53.93,17.13,17.07,17.17,15.75,19.80,24.70,20.60,18.51
2024-02-08 18:13:42,53.35,53.54,53.23,57.41,44.62,34.19,41.80,52.47,17.12,17.04,17.03,15.44,19.80,24.70,20.57,18.35
2024-02-08 18:15:47,53.15,53.32,52.44,56.85,44.43,34.15,41.55,52.00,17.10,17.02,16.90,14.97,19.80,24.56,20.40,18.06
2024-02-08 18:17:52,52.90,53.06,55.63,63.24,44.18,34.13,42.60,55.22,17.10,17.00,16.73,14.77,19.80,24.50,20.30,17.83
2024-02-08 18:19:57,53.23,53.37,58.48,65.20,44.45,34.33,43.84,57.70,17.10,17.00,16.69,15.08,19.80,24.51,20.30,17.86
2024-02-08 18:22:02,53.56,53.67,56.91,61.72,44.74,34.52,43.47,56.12,17.10,17.00,16.70,15.43,19.80,24.54,20.30,17.98
2024-02-08 18:24:07,53.50,53.59,54.46,57.89,44.73,34.42,42.48,53.83,17.10,17.00,16.80,15.80,19.76,24.51,20.38,18.18
2024-02-08 18:26:12,53.23,53.33,52.95,55.56,44.55,34.18,41.80,52.40,17.10,17.00,16.93,16.16,19.70,24.60,20.40,18.34
2024-02-08 18:28:17,52.95,53.06,52.19,54.15,44.42,33.91,41.48,51.54,17.10,17.00,17.07,16.45,19.69,24.61,20.45,18.47
2024-02-08 18:30:22,52.92,53.02,51.52,53.22,44.44,33.82,41.35,51.10,17.10,17.00,17.21,16.68,19.68,24.68,20.50,18.61
2024-02-08 18:32:27,52.77,52.87,51.04,52.48,44.40,33.75,41.21,50.70,17.10,17.02,17.31,16.86,19.61,24.68,20.50,18.70
2024-02-08 18:34:32,52.65,52.62,50.57,51.72,44.28,33.60,41.08,50.23,17.10,17.10,17.40,17.02,19.62,24.70,20.50,18.78
2024-02-08 18:36:37,52.47,52.42,50.17,51.26,44.14,33.50,40.92,49.90,17.11,17.10,17.50,17.12,19.64,24.70,20.57,18.86
2024-02-08 18:38:42,52.30,52.22,49.90,51.02,44.05,33.39,40.87,49.57,17.17,17.12,17.57,17.20,19.68,24.75,20.60,18.93
2024-02-08 18:40:47,52.01,51.97,49.62,50.62,43.81,33.11,40.62,49.22,17.20,17.20,17.67,17.29,19.70,24.84,20.60,19.02
2024-02-08 18:42:52,51.84,51.87,49.47,50.37,43.71,32.98,40.54,49.24,17.20,17.20,17.72,17.38,19.70,24.90,20.66,19.09
2024-02-08 18:44:57,51.65,51.66,49.08,50.28,43.48,32.76,40.26,48.79,17.20,17.20,17.69,16.93,19.77,24.94,20.68,18.94
2024-02-08 18:47:02,51.51,51.45,49.04,51.45,43.26,32.59,40.12,48.76,17.20,17.20,17.48,16.03,19.80,24.92,20.60,18.56
2024-02-08 18:49:07,51.36,51.25,49.38,53.22,43.05,32.51,39.94,49.12,17.20,17.20,17.27,15.34,19.80,24.90,20.57,18.22
2024-02-08 18:51:12,51.31,51.10,55.42,62.15,42.93,32.51,41.58,55.73,17.10,17.20,17.12,15.07,19.80,24.83,20.54,18.01
2024-02-08 18:53:17,52.01,51.73,59.42,65.04,43.50,33.11,43.41,59.09,17.10,17.13,17.10,15.38,19.74,24.79,20.60,18.13
2024-02-08 18:55:22,52.70,52.43,58.19,62.54,44.09,33.52,43.32,57.73,17.10,17.10,17.17,15.71,19.70,24.77,20.67,18.33
2024-02-08 18:57:27,52.93,52.65,53.95,57.89,44.29,33.65,41.96,53.56,17.10,17.10,17.15,15.72,19.70,24.76,20.62,18.46
2024-02-08 18:59:32,52.72,52.43,52.26,56.27,44.09,33.50,41.23,51.64,17.05,17.10,17.02,15.30,19.70,24.70,20.53,18.26
2024-02-08 19:01:37,52.37,52.12,51.68,56.18,43.78,33.22,40.72,51.09,17.00,17.07,16.88,14.81,19.67,24.77,20.49,17.95
2024-02-08 19:03:42,52.19,51.95,56.57,64.99,43.62,32.99,42.08,56.34,17.00,17.00,16.75,14.73,19.62,24.80,20.41,17.78
2024-02-08 19:05:47,52.53,52.33,57.43,64.33,43.88,33.13,42.66,56.88,17.00,17.00,16.70,15.06,19.60,24.81,20.40,17.84
2024-02-08 19:07:52,52.83,52.70,55.60,60.59,44.20,33.39,42.28,55.12,17.01,17.00,16.73,15.46,19.60,24.88,20.49,18.01
2024-02-08 19:09:57,52.93,52.93,54.18,57.24,44.43,33.18,41.59,53.19,17.16,17.07,16.92,15.97,19.70,25.20,20.86,18.39
2024-02-08 19:12:02,52.28,52.65,52.95,54.49,44.32,32.68,39.82,51.76,17.42,17.23,17.20,16.48,19.83,25.55,21.67,18.78
2024-02-08 19:14:07,51.60,52.39,52.46,53.29,44.05,32.34,38.32,50.67,17.82,17.48,17.52,16.95,20.10,25.91,22.61,19.09
2024-02-08 19:16:12,50.66,51.90,52.25,52.16,43.61,32.21,36.43,50.37,18.42,17.93,17.91,17.42,20.59,26.27,23.86,19.47
2024-02-08 19:18:17,50.19,51.82,52.43,51.67,43.30,32.23,35.41,50.87,18.84,18.22,18.32,17.47,21.10,26.67,24.81,19.81
2024-02-08 19:20:22,49.78,51.65,51.85,52.99,42.68,32.02,34.43,51.02,19.07,18.40,18.67,16.81,21.54,26.96,25.52,19.98
2024-02-08 19:22:27,49.09,50.89,50.45,53.99,41.49,31.28,33.47,49.99,19.19,18.52,18.93,16.25,21.93,27.21,25.83,20.18
2024-02-08 19:24:32,48.82,50.40,48.35,54.58,40.72,30.85,33.25,47.63,19.13,18.53,19.09,15.82,22.10,27.27,25.21,20.18
2024-02-08 19:26:37,48.67,50.03,47.93,55.36,40.31,30.65,34.01,47.53,18.99,18.50,19.05,15.48,22.04,27.18,24.30,19.82
2024-02-08 19:28:42,48.56,49.67,48.22,56.33,40.03,30.44,34.93,48.33,18.85,18.44,18.85,15.19,21.98,27.10,23.67,19.43
2024-02-08 19:30:47,48.43,49.38,48.41,56.93,39.84,30.32,35.31,48.89,18.73,18.40,18.67,15.08,21.87,27.02,23.33,19.12
2024-02-08 19:32:52,48.40,49.21,49.04,58.63,39.79,30.13,36.06,50.44,18.63,18.35,18.51,14.88,21.75,27.00,23.05,18.88
2024-02-08 19:34:57,48.61,49.30,55.02,66.77,39.98,30.20,38.91,57.13,18.53,18.30,18.39,15.16,21.62,27.00,22.88,18.88
2024-02-08 19:37:02,49.43,50.08,56.30,65.37,40.80,30.69,39.78,57.22,18.50,18.22,18.32,15.69,21.47,27.00,22.83,19.12
2024-02-08 19:39:07,50.02,50.65,52.22,59.45,41.43,30.87,38.37,52.85,18.46,18.20,18.29,15.84,21.36,27.00,22.80,19.25
2024-02-08 19:41:12,50.00,50.60,50.77,57.25,41.50,30.78,37.41,50.89,18.40,18.20,18.19,15.52,21.30,26.93,22.72,19.03
2024-02-08 19:43:17,49.57,50.20,50.03,56.36,41.25,30.54,36.73,50.04,18.38,18.15,18.05,15.12,21.20,26.88,22.66,18.75
2024-02-08 19:45:22,49.06,49.63,49.71,57.57,40.83,30.28,36.76,50.46,18.30,18.10,17.97,14.72,21.14,26.73,22.49,18.49
2024-02-08 19:47:27,48.81,49.36,53.11,65.68,40.65,30.17,38.18,54.84,18.30,18.09,17.84,14.83,21.07,26.70,22.40,18.40
2024-02-08 19:49:32,49.38,49.82,54.28,64.43,41.14,30.58,38.87,55.44,18.25,18.03,17.78,15.28,21.00,26.57,22.38,18.48
2024-02-08 19:51:37,51.32,51.65,53.98,61.56,42.57,33.20,39.55,54.58,18.13,17.95,17.68,15.65,21.00,25.38,22.17,18.53
2024-02-08 19:53:42,51.61,51.99,52.77,58.70,42.67,35.07,39.50,53.22,18.03,17.86,17.61,16.02,21.00,24.24,21.98,18.65
2024-02-08 19:55:47,50.95,51.34,51.49,55.93,41.91,35.87,38.99,51.72,17.88,17.75,17.60,16.32,20.91,23.38,21.78,18.70
2024-02-08 19:57:52,50.45,50.75,50.32,53.91,41.32,36.40,38.58,50.52,17.75,17.62,17.60,16.55,20.84,22.75,21.57,18.79
2024-02-08 19:59:57,50.21,50.41,49.59,52.55,40.96,37.02,38.48,49.75,17.56,17.45,17.60,16.72,20.69,22.21,21.33,18.80
2024-02-08 20:02:02,50.16,50.27,48.97,51.48,40.82,37.64,38.54,49.18,17.42,17.32,17.60,16.81,20.57,21.71,21.07,18.78
2024-02-08 20:04:07,50.11,50.21,48.54,50.77,40.77,38.08,38.61,48.76,17.30,17.24,17.59,16.90,20.47,21.39,20.88,18.80
2024-02-08 20:06:12,50.08,50.18,48.34,50.32,40.72,38.56,38.68,48.61,17.16,17.10,17.60,16.94,20.30,21.01,20.75,18.80
2024-02-08 20:08:17,50.27,50.37,48.18,49.97,40.89,39.27,38.84,48.23,17.03,16.96,17.52,17.00,20.15,20.67,20.57,18.80
2024-02-08 20:10:22,50.41,50.41,47.97,49.68,40.98,39.60,38.90,48.06,16.92,16.88,17.50,17.00,20.03,20.43,20.50,18.80
2024-02-08 20:12:27,50.47,50.47,47.90,49.52,41.10,39.89,38.88,47.87,16.82,16.78,17.50,17.00,19.87,20.23,20.40,18.80
2024-02-08 20:14:32,50.53,50.47,47.71,49.19,41.21,40.15,38.84,47.55,16.72,16.71,17.50,17.00,19.73,20.05,20.37,18.80
2024-02-08 20:16:37,50.60,50.48,47.73,49.12,41.34,40.38,38.72,47.41,16.62,16.61,17.50,17.00,19.62,19.90,20.34,18.83
2024-02-08 20:18:42,50.64,50.52,47.70,48.91,41.48,40.68,38.69,47.11,16.57,16.60,17.43,17.00,19.52,19.73,20.28,18.85
2024-02-08 20:20:47,50.74,50.52,47.57,48.78,41.62,40.81,38.70,46.98,16.49,16.52,17.47,17.00,19.38,19.65,20.20,18.90
2024-02-08 20:22:52,50.72,50.47,47.45,48.59,41.64,40.86,38.60,46.80,16.40,16.49,17.42,17.01,19.31,19.56,20.17,18.90
2024-02-08 20:24:57,50.80,50.48,47.36,48.46,41.71,40.99,38.70,46.78,16.33,16.41,17.40,17.00,19.21,19.43,20.10,18.83
2024-02-08 20:27:02,50.83,50.54,47.27,48.37,41.75,41.04,38.60,46.72,16.25,16.32,17.40,17.00,19.13,19.38,20.09,18.80
2024-02-08 20:29:07,51.00,50.68,47.27,48.30,41.87,41.17,38.68,46.63,16.18,16.24,17.40,17.00,19.06,19.30,19.98,18.80
2024-02-08 20:31:12,51.05,50.77,47.15,48.11,41.92,41.27,38.72,46.49,16.10,16.18,17.40,17.00,18.98,19.20,19.90,18.80
2024-02-08 20:33:17,51.17,50.88,47.02,48.03,42.02,41.38,38.94,46.37,16.02,16.10,17.40,17.00,18.90,19.12,19.83,18.82
2024-02-08 20:35:22,51.27,50.90,46.90,47.94,42.07,41.45,39.15,46.26,15.95,16.04,17.40,17.00,18.80,19.03,19.72,18.88
2024-02-08 20:37:27,51.37,50.99,46.73,47.80,42.18,41.50,39.27,46.15,15.90,16.00,17.40,17.00,18.74,19.00,19.62,18.85
2024-02-08 20:39:32,51.44,51.01,46.68,47.78,42.24,41.45,39.28,46.14,15.83,15.92,17.40,17.00,18.70,19.00,19.60,18.81
2024-02-08 20:41:37,51.46,51.03,46.57,47.69,42.26,41.42,39.09,45.98,15.80,15.90,17.40,17.00,18.62,18.98,19.60,18.80
2024-02-08 20:43:42,51.50,51.08,46.54,47.57,42.28,41.54,38.86,45.87,15.77,15.83,17.40,17.00,18.59,18.90,19.69,18.83
2024-02-08 20:45:47,51.79,51.42,46.65,47.62,42.62,40.94,38.93,46.07,15.76,15.80,17.40,17.00,18.50,19.38,19.75,18.89
2024-02-08 20:47:52,51.77,51.53,46.80,47.65,42.84,39.12,38.53,46.04,15.88,15.89,17.40,17.00,18.54,20.36,20.02,18.93
2024-02-08 20:49:57,51.53,51.46,46.77,47.73,42.82,37.62,38.18,45.99,15.99,15.93,17.40,17.01,18.59,21.11,20.25,19.00
2024-02-08 20:52:02,51.21,51.31,46.79,47.68,42.65,36.43,37.83,46.00,16.10,16.00,17.43,17.10,18.67,21.69,20.43,19.03
2024-02-08 20:54:07,51.06,51.19,46.71,47.48,42.57,35.57,37.58,45.92,16.20,16.08,17.50,17.10,18.76,22.15,20.57,19.10
2024-02-08 20:56:12,50.73,51.08,46.67,47.48,42.44,34.80,37.28,45.92,16.28,16.11,17.52,17.16,18.80,22.54,20.72,19.10
2024-02-08 20:58:17,50.61,50.97,46.61,47.45,42.40,34.28,37.07,45.82,16.38,16.20,17.60,17.20,18.90,22.86,20.83,19.12
2024-02-08 21:00:22,50.46,50.86,46.65,47.45,42.36,33.74,36.86,45.85,16.45,16.26,17.60,17.20,18.90,23.18,20.99,19.12
2024-02-08 21:02:27,50.25,50.76,46.53,47.37,42.25,33.27,36.73,45.90,16.50,16.30,17.65,17.26,19.00,23.44,21.06,19.14
2024-02-08 21:04:32,49.96,50.47,46.36,47.27,41.99,32.72,36.44,45.73,16.59,16.37,17.70,17.30,19.07,23.69,21.19,19.20
2024-02-08 21:06:37,49.67,50.17,46.17,47.10,41.71,32.23,36.22,45.61,16.62,16.40,17.70,17.30,19.12,23.91,21.24,19.20
2024-02-08 21:08:42,49.39,49.91,46.02,46.97,41.43,31.88,35.93,45.47,16.68,16.46,17.76,17.30,19.20,24.08,21.37,19.23
2024-02-08 21:10:47,49.27,49.75,45.95,46.85,41.27,31.51,35.82,45.33,16.70,16.50,17.80,17.37,19.26,24.25,21.40,19.30
2024-02-08 21:12:52,49.19,49.69,45.75,46.78,41.18,31.34,35.53,45.16,16.75,16.55,17.82,17.40,19.33,24.40,21.51,19.31
2024-02-08 21:14:57,49.09,49.54,45.79,46.72,41.02,31.09,35.43,45.17,16.80,16.60,17.90,17.40,19.40,24.56,21.60,19.32
2024-02-08 21:17:02,49.00,49.48,45.59,46.55,40.91,30.90,35.51,45.30,16.80,16.60,17.90,17.44,19.43,24.65,21.60,19.30
2024-02-08 21:19:07,48.75,49.24,45.55,46.46,40.72,30.63,35.24,45.18,16.85,16.65,17.90,17.46,19.48,24.76,21.63,19.30
2024-02-08 21:21:12,48.62,49.07,45.52,46.49,40.52,30.47,35.07,45.12,16.89,16.70,17.90,17.43,19.50,24.85,21.70,19.30
2024-02-08 21:23:17,48.45,48.87,45.36,46.32,40.28,30.21,34.86,45.08,16.88,16.68,17.90,17.48,19.59,24.93,21.76,19.30
2024-02-08 21:25:22,48.36,48.85,45.23,46.24,40.15,29.99,34.76,44.98,16.88,16.67,17.90,17.47,19.60,25.01,21.81,19.31
2024-02-08 21:27:27,48.17,48.62,45.15,46.25,39.92,29.77,34.47,44.72,16.90,16.66,17.99,17.44,19.60,25.10,21.90,19.37
2024-02-08 21:29:32,47.95,48.41,44.98,46.13,39.74,29.52,34.23,44.53,16.88,16.62,18.00,17.42,19.60,25.17,21.97,19.40
2024-02-08 21:31:37,47.83,48.30,44.77,45.88,39.60,29.35,34.04,44.44,16.88,16.61,18.00,17.47,19.61,25.21,22.00,19.40
2024-02-08 21:33:42,47.80,48.22,44.77,45.81,39.56,29.28,33.98,44.46,16.88,16.65,18.00,17.50,19.65,25.27,22.00,19.35
2024-02-08 21:35:47,47.80,48.23,44.81,45.91,39.55,29.26,33.94,44.45,16.90,16.68,18.00,17.44,19.62,25.29,22.08,19.39
2024-02-08 21:37:52,47.80,48.18,44.79,45.80,39.55,29.21,33.82,44.40,16.89,16.70,18.00,17.50,19.62,25.30,22.10,19.39
2024-02-08 21:39:57,47.80,48.22,44.81,45.78,39.62,29.22,33.75,44.38,16.90,16.70,18.00,17.50,19.60,25.30,22.12,19.36
2024-02-08 21:42:02,47.78,48.13,44.73,45.75,39.58,29.17,33.87,44.49,16.90,16.70,18.00,17.50,19.61,25.30,22.07,19.30
2024-02-08 21:44:07,47.63,47.97,44.74,45.64,39.43,29.11,33.83,44.47,16.89,16.70,17.99,17.50,19.68,25.30,22.00,19.30
2024-02-08 21:46:12,47.55,47.81,44.68,45.67,39.30,28.97,33.78,44.41,16.87,16.70,17.95,17.50,19.69,25.31,22.03,19.30
2024-02-08 21:48:17,47.44,47.76,44.52,45.52,39.24,28.91,33.78,44.37,16.90,16.70,17.97,17.50,19.70,25.32,22.00,19.30
2024-02-08 21:50:22,47.41,47.72,44.52,45.52,39.21,28.83,33.75,44.37,16.89,16.70,17.98,17.50,19.63,25.38,22.00,19.30
2024-02-08 21:52:27,47.28,47.64,44.52,45.42,39.16,28.82,33.63,44.27,16.90,16.70,17.91,17.50,19.63,25.33,22.00,19.30
2024-02-08 21:54:32,47.25,47.55,44.42,45.38,39.07,28.70,33.72,44.32,16.85,16.70,17.93,17.50,19.62,25.40,21.94,19.29
2024-02-08 21:56:37,47.22,47.55,44.46,45.37,39.04,28.67,33.55,44.16,16.80,16.70,17.92,17.46,19.60,25.40,21.99,19.30
2024-02-08 21:58:42,47.22,47.52,44.39,45.39,39.09,28.64,33.42,44.19,16.80,16.70,17.90,17.46,19.60,25.31,22.09,19.30
2024-02-08 22:00:47,47.09,47.43,44.37,45.32,39.02,28.63,33.21,44.12,16.80,16.70,17.90,17.42,19.58,25.30,22.16,19.29
2024-02-08 22:02:52,47.03,47.37,44.38,45.32,39.02,28.57,33.34,44.17,16.81,16.70,17.90,17.47,19.57,25.30,22.08,19.28
2024-02-08 22:04:57,47.13,47.44,44.35,45.31,39.03,28.58,33.31,44.04,16.80,16.69,17.90,17.50,19.60,25.37,22.10,19.30
2024-02-08 22:07:02,47.45,47.75,44.42,45.33,39.32,28.70,33.39,44.02,16.89,16.70,17.92,17.50,19.60,25.41,22.16,19.35
2024-02-08 22:09:07,48.08,48.40,44.62,45.75,39.85,29.17,33.85,44.40,16.83,16.69,18.00,17.49,19.56,25.34,22.10,19.35
2024-02-08 22:11:12,47.97,48.27,44.74,45.84,39.83,29.21,33.87,44.53,16.80,16.66,18.00,17.50,19.50,25.24,22.09,19.30
2024-02-08 22:13:17,48.26,48.49,44.82,45.80,40.04,29.20,33.84,44.51,16.80,16.68,18.00,17.50,19.50,25.32,22.10,19.36
2024-02-08 22:15:22,49.75,49.96,45.35,46.43,41.22,29.92,34.50,45.07,16.80,16.66,18.00,17.50,19.50,25.40,22.10,19.33
2024-02-08 22:17:27,49.65,49.94,45.62,46.68,41.17,29.97,34.56,45.37,16.80,16.70,18.00,17.50,19.54,25.38,22.15,19.32
2024-02-08 22:19:32,48.70,49.07,45.25,46.31,40.43,29.49,34.18,45.01,16.83,16.70,18.00,17.50,19.57,25.40,22.12,19.30
2024-02-08 22:21:37,48.08,48.44,45.06,45.98,39.95,29.18,33.98,44.69,16.82,16.70,18.00,17.50,19.58,25.40,22.10,19.31
2024-02-08 22:23:42,47.66,48.05,44.77,45.73,39.60,28.93,33.63,44.49,16.83,16.70,17.98,17.50,19.60,25.40,22.10,19.30
2024-02-08 22:25:47,47.33,47.68,44.53,45.53,39.28,28.71,33.46,44.23,16.81,16.70,17.98,17.50,19.60,25.40,22.10,19.31
2024-02-08 22:27:52,47.07,47.40,44.40,45.27,39.08,28.55,33.44,44.06,16.81,16.70,17.97,17.50,19.59,25.40,22.03,19.33
2024-02-08 22:29:57,47.02,47.31,44.26,45.20,39.01,28.52,33.29,43.88,16.80,16.70,17.99,17.50,19.60,25.40,22.09,19.39
2024-02-08 22:32:02,46.85,47.18,44.16,45.07,38.87,28.42,33.16,43.84,16.81,16.70,18.00,17.50,19.56,25.40,22.10,19.36
2024-02-08 22:34:07,46.68,46.95,44.02,44.95,38.73,28.28,33.06,43.71,16.80,16.70,18.00,17.50,19.57,25.40,22.10,19.32
2024-02-08 22:36:12,46.45,46.79,43.87,44.77,38.59,28.13,33.03,43.63,16.86,16.70,17.98,17.50,19.56,25.40,22.00,19.30
2024-02-08 22:38:17,46.40,46.65,43.89,44.77,38.51,28.13,33.11,43.68,16.81,16.70,17.93,17.50,19.51,25.37,22.00,19.30
2024-02-08 22:40:22,46.39,46.65,43.82,44.69,38.54,28.10,33.05,43.61,16.80,16.70,17.90,17.49,19.50,25.30,21.97,19.30
2024-02-08 22:42:27,46.40,46.63,43.86,44.79,38.54,28.14,33.06,43.62,16.80,16.70,17.90,17.47,19.50,25.31,21.97,19.30
2024-02-08 22:44:32,46.35,46.53,43.79,44.71,38.51,28.03,33.04,43.58,16.80,16.70,17.91,17.49,19.50,25.40,21.97,19.30
2024-02-08 22:46:37,46.23,46.51,43.73,44.57,38.39,27.93,32.92,43.53,16.79,16.63,17.90,17.50,19.50,25.40,22.00,19.26
2024-02-08 22:48:42,46.31,46.53,43.72,44.58,38.42,27.92,32.88,43.52,16.75,16.60,17.90,17.48,19.48,25.40,22.00,19.22
2024-02-08 22:50:47,46.30,46.50,43.71,44.49,38.37,27.92,32.82,43.52,16.71,16.60,17.90,17.42,19.50,25.40,22.00,19.20
2024-02-08 22:52:52,46.28,46.53,43.68,44.51,38.44,27.89,32.62,43.46,16.75,16.60,17.90,17.40,19.47,25.40,22.07,19.20
2024-02-08 22:54:57,46.26,46.47,43.68,44.50,38.46,27.95,32.73,43.51,16.80,16.64,17.90,17.40,19.45,25.32,22.03,19.20
2024-02-08 22:57:02,46.27,46.49,43.68,44.56,38.41,28.02,32.81,43.47,16.80,16.62,17.90,17.40,19.41,25.30,21.97,19.20
2024-02-08 22:59:07,46.16,46.49,43.62,44.48,38.46,27.96,32.78,43.36,16.80,16.63,17.87,17.40,19.43,25.31,21.95,19.20
2024-02-08 23:01:12,46.08,46.40,43.62,44.45,38.38,27.91,32.67,43.24,16.80,16.68,17.89,17.40,19.47,25.35,22.00,19.28
2024-02-08 23:03:17,46.02,46.35,43.48,44.42,38.35,27.83,32.59,43.17,16.83,16.70,17.90,17.40,19.47,25.38,22.03,19.30
2024-02-08 23:05:22,46.03,46.37,43.53,44.38,38.40,27.90,32.74,43.21,16.90,16.70,17.90,17.43,19.50,25.40,21.99,19.30
2024-02-08 23:07:27,46.00,46.42,43.57,44.39,38.40,27.88,32.72,43.18,16.90,16.70,17.90,17.46,19.50,25.40,22.00,19.30
2024-02-08 23:09:32,46.01,46.38,43.57,44.37,38.37,27.84,32.66,43.08,16.89,16.70,17.90,17.44,19.50,25.40,22.00,19.30
2024-02-08 23:11:37,45.99,46.29,43.42,44.28,38.33,27.83,32.64,43.13,16.89,16.70,17.90,17.50,19.50,25.38,22.02,19.30
2024-02-08 23:13:42,46.08,46.33,43.60,44.40,38.36,27.91,32.79,43.30,16.87,16.70,17.90,17.50,19.50,25.39,22.00,19.30
2024-02-08 23:15:47,46.02,46.32,43.59,44.41,38.37,27.88,32.72,43.23,16.90,16.70,17.92,17.50,19.50,25.40,22.02,19.30
2024-02-08 23:17:52,46.01,46.32,43.52,44.37,38.36,27.84,32.77,43.23,16.89,16.70,17.96,17.50,19.48,25.43,22.00,19.30
2024-02-08 23:19:57,46.06,46.34,43.41,44.29,38.46,27.78,32.70,43.09,16.84,16.70,17.99,17.50,19.40,25.40,22.03,19.34
2024-02-08 23:22:02,46.10,46.35,43.48,44.36,38.46,27.84,32.64,43.08,16.81,16.70,17.99,17.50,19.42,25.41,22.10,19.39
2024-02-08 23:24:07,46.09,46.37,43.33,44.18,38.50,27.78,32.65,43.11,16.80,16.70,17.98,17.50,19.40,25.41,22.01,19.33
2024-02-08 23:26:12,46.07,46.31,43.32,44.13,38.47,27.74,32.63,43.05,16.80,16.69,17.91,17.50,19.40,25.42,22.00,19.30
2024-02-08 23:28:17,46.11,46.29,43.41,44.18,38.48,27.72,32.68,43.15,16.80,16.69,17.90,17.43,19.39,25.41,22.00,19.30
2024-02-08 23:30:22,46.10,46.28,43.43,44.21,38.46,27.72,32.77,43.28,16.79,16.63,17.90,17.40,19.39,25.40,21.91,19.22
2024-02-08 23:32:27,46.08,46.26,43.36,44.13,38.42,27.74,32.86,43.37,16.80,16.67,17.90,17.48,19.39,25.40,21.90,19.20
2024-02-08 23:34:32,46.18,46.36,43.34,44.12,38.47,27.72,32.76,43.36,16.78,16.62,17.90,17.49,19.40,25.40,21.91,19.20
2024-02-08 23:36:37,46.15,46.35,43.44,44.22,38.52,27.74,32.87,43.46,16.79,16.60,17.90,17.43,19.30,25.40,21.85,19.12
2024-02-08 23:38:42,46.15,46.38,43.47,44.36,38.55,27.66,32.79,43.42,16.71,16.60,17.90,17.40,19.30,25.41,21.90,19.17
2024-02-08 23:40:47,46.10,46.28,43.42,44.33,38.46,27.60,32.63,43.36,16.70,16.60,17.83,17.40,19.30,25.40,21.94,19.10
2024-02-08 23:42:52,46.16,46.38,43.44,44.27,38.52,27.64,32.65,43.41,16.70,16.58,17.80,17.35,19.30,25.40,21.95,19.10
2024-02-08 23:44:57,46.28,46.51,43.53,44.29,38.56,27.69,32.79,43.49,16.70,16.53,17.80,17.40,19.30,25.40,21.88,19.10
2024-02-08 23:47:02,46.30,46.52,43.54,44.38,38.56,27.69,32.88,43.43,16.70,16.51,17.80,17.40,19.30,25.40,21.81,19.15
2024-02-08 23:49:07,46.22,46.49,43.46,44.18,38.55,27.65,32.83,43.40,16.69,16.50,17.82,17.40,19.30,25.40,21.81,19.17
2024-02-08 23:51:12,46.23,46.47,43.51,44.33,38.54,27.63,32.87,43.42,16.70,16.50,17.82,17.40,19.28,25.40,21.80,19.13
2024-02-08 23:53:17,46.16,46.38,43.54,44.27,38.53,27.60,32.84,43.36,16.70,16.50,17.80,17.40,19.22,25.40,21.80,19.15
2024-02-08 23:55:22,46.18,46.41,43.51,44.31,38.57,27.60,32.83,43.28,16.68,16.50,17.80,17.40,19.20,25.40,21.80,19.20
2024-02-08 23:57:27,46.25,46.50,43.42,44.23,38.68,27.63,32.93,43.29,16.66,16.50,17.83,17.40,19.19,25.40,21.80,19.20
2024-02-08 23:59:32,46.33,46.61,43.52,44.19,38.83,27.68,32.97,43.38,16.63,16.50,17.85,17.41,19.12,25.40,21.79,19.20
2024-02-09 00:00:47,46.35,46.65,43.55,44.20,38.90,27.65,32.90,43.30,16.70,16.50,17.85,17.40,19.10,25.40,21.80,19.20
